suite,case,step,rank_in_query,node_id,operator,act_rows,act_time,act_time_sec,peak,indent,result_path
ssb,q1.1,1,1,4,"HASH JOIN (BROADCAST, INNER, eq: [lo_orderdate = d_datekey])",120237,7.5ms,0.0075,5.7MB,2,/Users/harbor/.codex/worktrees/4f87/NovaRocks/logs/baseline/20260622-231416-tpc-baseline/plans/analyze/ssb/q1.1.result
ssb,q1.1,1,2,1,SCAN ssb.lineorder,785941,924.7us,0.0009247,0B,4,/Users/harbor/.codex/worktrees/4f87/NovaRocks/logs/baseline/20260622-231416-tpc-baseline/plans/analyze/ssb/q1.1.result
ssb,q1.1,1,3,5,HASH AGGREGATE (LOCAL),12,318.2us,0.0003182,3.8MB,0,/Users/harbor/.codex/worktrees/4f87/NovaRocks/logs/baseline/20260622-231416-tpc-baseline/plans/analyze/ssb/q1.1.result
ssb,q1.1,1,4,7,HASH AGGREGATE (GLOBAL),13,127.2us,0.0001272,64.2KB,2,/Users/harbor/.codex/worktrees/4f87/NovaRocks/logs/baseline/20260622-231416-tpc-baseline/plans/analyze/ssb/q1.1.result
ssb,q1.1,1,5,2,SCAN ssb.dates,365,41.6us,4.16e-05,211.5KB,0,/Users/harbor/.codex/worktrees/4f87/NovaRocks/logs/baseline/20260622-231416-tpc-baseline/plans/analyze/ssb/q1.1.result
ssb,q1.2,1,1,4,"HASH JOIN (BROADCAST, INNER, eq: [lo_orderdate = d_datekey])",4380,1.2ms,0.0012,4.3MB,2,/Users/harbor/.codex/worktrees/4f87/NovaRocks/logs/baseline/20260622-231416-tpc-baseline/plans/analyze/ssb/q1.2.result
ssb,q1.2,1,2,1,SCAN ssb.lineorder,327924,152.3us,0.0001523,0B,4,/Users/harbor/.codex/worktrees/4f87/NovaRocks/logs/baseline/20260622-231416-tpc-baseline/plans/analyze/ssb/q1.2.result
ssb,q1.2,1,3,7,HASH AGGREGATE (GLOBAL),13,103.0us,0.000103,64.4KB,2,/Users/harbor/.codex/worktrees/4f87/NovaRocks/logs/baseline/20260622-231416-tpc-baseline/plans/analyze/ssb/q1.2.result
ssb,q1.2,1,4,2,SCAN ssb.dates,31,44.8us,4.48e-05,21.0KB,0,/Users/harbor/.codex/worktrees/4f87/NovaRocks/logs/baseline/20260622-231416-tpc-baseline/plans/analyze/ssb/q1.2.result
ssb,q1.2,1,5,5,HASH AGGREGATE (LOCAL),12,39.3us,3.93e-05,1.1MB,0,/Users/harbor/.codex/worktrees/4f87/NovaRocks/logs/baseline/20260622-231416-tpc-baseline/plans/analyze/ssb/q1.2.result
ssb,q1.3,1,1,4,"HASH JOIN (BROADCAST, INNER, eq: [lo_orderdate = d_datekey])",930,2.7ms,0.0027,3.4MB,2,/Users/harbor/.codex/worktrees/4f87/NovaRocks/logs/baseline/20260622-231416-tpc-baseline/plans/analyze/ssb/q1.3.result
ssb,q1.3,1,2,7,HASH AGGREGATE (GLOBAL),13,237.2us,0.0002372,64.4KB,2,/Users/harbor/.codex/worktrees/4f87/NovaRocks/logs/baseline/20260622-231416-tpc-baseline/plans/analyze/ssb/q1.3.result
ssb,q1.3,1,3,1,SCAN ssb.lineorder,328056,85.8us,8.58e-05,0B,4,/Users/harbor/.codex/worktrees/4f87/NovaRocks/logs/baseline/20260622-231416-tpc-baseline/plans/analyze/ssb/q1.3.result
ssb,q1.3,1,4,5,HASH AGGREGATE (LOCAL),12,65.6us,6.56e-05,915.3KB,0,/Users/harbor/.codex/worktrees/4f87/NovaRocks/logs/baseline/20260622-231416-tpc-baseline/plans/analyze/ssb/q1.3.result
ssb,q1.3,1,5,8,PROJECT [sum(lo_revenue) AS revenue],1,63.7us,6.37e-05,8.0KB,0,/Users/harbor/.codex/worktrees/4f87/NovaRocks/logs/baseline/20260622-231416-tpc-baseline/plans/analyze/ssb/q1.3.result
ssb,q2.1,1,1,11,"HASH AGGREGATE (LOCAL, group by: [d_year, p_brand])",45415,275.1ms,0.2751,1.8MB,0,/Users/harbor/.codex/worktrees/4f87/NovaRocks/logs/baseline/20260622-231416-tpc-baseline/plans/analyze/ssb/q2.1.result
ssb,q2.1,1,2,4,"HASH JOIN (BROADCAST, INNER, eq: [lo_orderdate = d_datekey])",6008839,176.4ms,0.1764,12.6MB,6,/Users/harbor/.codex/worktrees/4f87/NovaRocks/logs/baseline/20260622-231416-tpc-baseline/plans/analyze/ssb/q2.1.result
ssb,q2.1,1,3,7,"HASH JOIN (BROADCAST, INNER, eq: [lo_partkey = p_partkey])",260465,167.2ms,0.1672,18.9MB,4,/Users/harbor/.codex/worktrees/4f87/NovaRocks/logs/baseline/20260622-231416-tpc-baseline/plans/analyze/ssb/q2.1.result
ssb,q2.1,1,4,10,"HASH JOIN (BROADCAST, INNER, eq: [lo_suppkey = s_suppkey])",45709,156.6ms,0.1566,444.9KB,2,/Users/harbor/.codex/worktrees/4f87/NovaRocks/logs/baseline/20260622-231416-tpc-baseline/plans/analyze/ssb/q2.1.result
ssb,q2.1,1,5,1,SCAN ssb.lineorder,6001171,29.7ms,0.0297,0B,8,/Users/harbor/.codex/worktrees/4f87/NovaRocks/logs/baseline/20260622-231416-tpc-baseline/plans/analyze/ssb/q2.1.result
ssb,q2.2,1,1,4,"HASH JOIN (BROADCAST, INNER, eq: [lo_orderdate = d_datekey])",6008839,79.5ms,0.0795,12.6MB,6,/Users/harbor/.codex/worktrees/4f87/NovaRocks/logs/baseline/20260622-231416-tpc-baseline/plans/analyze/ssb/q2.2.result
ssb,q2.2,1,2,7,"HASH JOIN (BROADCAST, INNER, eq: [lo_partkey = p_partkey])",52053,60.4ms,0.0604,15.3MB,4,/Users/harbor/.codex/worktrees/4f87/NovaRocks/logs/baseline/20260622-231416-tpc-baseline/plans/analyze/ssb/q2.2.result
ssb,q2.2,1,3,11,"HASH AGGREGATE (LOCAL, group by: [d_year, p_brand])",10710,37.3ms,0.0373,1.7MB,0,/Users/harbor/.codex/worktrees/4f87/NovaRocks/logs/baseline/20260622-231416-tpc-baseline/plans/analyze/ssb/q2.2.result
ssb,q2.2,1,4,10,"HASH JOIN (BROADCAST, INNER, eq: [lo_suppkey = s_suppkey])",11889,22.5ms,0.0225,474.5KB,2,/Users/harbor/.codex/worktrees/4f87/NovaRocks/logs/baseline/20260622-231416-tpc-baseline/plans/analyze/ssb/q2.2.result
ssb,q2.2,1,5,1,SCAN ssb.lineorder,6001171,4.2ms,0.0042,0B,8,/Users/harbor/.codex/worktrees/4f87/NovaRocks/logs/baseline/20260622-231416-tpc-baseline/plans/analyze/ssb/q2.2.result
ssb,q2.3,1,1,4,"HASH JOIN (BROADCAST, INNER, eq: [lo_orderdate = d_datekey])",6008839,79.9ms,0.0799,12.6MB,6,/Users/harbor/.codex/worktrees/4f87/NovaRocks/logs/baseline/20260622-231416-tpc-baseline/plans/analyze/ssb/q2.3.result
ssb,q2.3,1,2,7,"HASH JOIN (BROADCAST, INNER, eq: [lo_partkey = p_partkey])",7145,39.4ms,0.0394,14.5MB,4,/Users/harbor/.codex/worktrees/4f87/NovaRocks/logs/baseline/20260622-231416-tpc-baseline/plans/analyze/ssb/q2.3.result
ssb,q2.3,1,3,11,"HASH AGGREGATE (LOCAL, group by: [d_year, p_brand])",1255,6.2ms,0.0062,1.7MB,0,/Users/harbor/.codex/worktrees/4f87/NovaRocks/logs/baseline/20260622-231416-tpc-baseline/plans/analyze/ssb/q2.3.result
ssb,q2.3,1,4,10,"HASH JOIN (BROADCAST, INNER, eq: [lo_suppkey = s_suppkey])",2374,4.3ms,0.0043,393.7KB,2,/Users/harbor/.codex/worktrees/4f87/NovaRocks/logs/baseline/20260622-231416-tpc-baseline/plans/analyze/ssb/q2.3.result
ssb,q2.3,1,5,1,SCAN ssb.lineorder,6001171,2.6ms,0.0026,0B,8,/Users/harbor/.codex/worktrees/4f87/NovaRocks/logs/baseline/20260622-231416-tpc-baseline/plans/analyze/ssb/q2.3.result
ssb,q3.1,1,1,11,"HASH AGGREGATE (LOCAL, group by: [c_nation, s_nation, d_year])",247214,209.3ms,0.2093,2.2MB,0,/Users/harbor/.codex/worktrees/4f87/NovaRocks/logs/baseline/20260622-231416-tpc-baseline/plans/analyze/ssb/q3.1.result
ssb,q3.1,1,2,7,"HASH JOIN (BROADCAST, INNER, eq: [lo_custkey = c_custkey])",1118594,134.9ms,0.1349,18.3MB,4,/Users/harbor/.codex/worktrees/4f87/NovaRocks/logs/baseline/20260622-231416-tpc-baseline/plans/analyze/ssb/q3.1.result
ssb,q3.1,1,3,4,"HASH JOIN (BROADCAST, INNER, eq: [lo_orderdate = d_datekey])",5472754,95.8ms,0.0958,12.3MB,6,/Users/harbor/.codex/worktrees/4f87/NovaRocks/logs/baseline/20260622-231416-tpc-baseline/plans/analyze/ssb/q3.1.result
ssb,q3.1,1,4,10,"HASH JOIN (BROADCAST, INNER, eq: [lo_suppkey = s_suppkey])",248111,61.9ms,0.0619,1.3MB,2,/Users/harbor/.codex/worktrees/4f87/NovaRocks/logs/baseline/20260622-231416-tpc-baseline/plans/analyze/ssb/q3.1.result
ssb,q3.1,1,5,1,SCAN ssb.lineorder,6001171,3.4ms,0.0034,0B,8,/Users/harbor/.codex/worktrees/4f87/NovaRocks/logs/baseline/20260622-231416-tpc-baseline/plans/analyze/ssb/q3.1.result
ssb,q3.2,1,1,4,"HASH JOIN (BROADCAST, INNER, eq: [lo_orderdate = d_datekey])",5472754,66.6ms,0.0666,12.3MB,6,/Users/harbor/.codex/worktrees/4f87/NovaRocks/logs/baseline/20260622-231416-tpc-baseline/plans/analyze/ssb/q3.2.result
ssb,q3.2,1,2,7,"HASH JOIN (BROADCAST, INNER, eq: [lo_custkey = c_custkey])",227937,28.3ms,0.0283,15.2MB,4,/Users/harbor/.codex/worktrees/4f87/NovaRocks/logs/baseline/20260622-231416-tpc-baseline/plans/analyze/ssb/q3.2.result
ssb,q3.2,1,3,1,SCAN ssb.lineorder,6001171,21.4ms,0.0214,0B,8,/Users/harbor/.codex/worktrees/4f87/NovaRocks/logs/baseline/20260622-231416-tpc-baseline/plans/analyze/ssb/q3.2.result
ssb,q3.2,1,4,11,"HASH AGGREGATE (LOCAL, group by: [c_city, s_city, d_year])",10325,21.3ms,0.0213,1.9MB,0,/Users/harbor/.codex/worktrees/4f87/NovaRocks/logs/baseline/20260622-231416-tpc-baseline/plans/analyze/ssb/q3.2.result
ssb,q3.2,1,5,10,"HASH JOIN (BROADCAST, INNER, eq: [lo_suppkey = s_suppkey])",8825,15.7ms,0.0157,312.9KB,2,/Users/harbor/.codex/worktrees/4f87/NovaRocks/logs/baseline/20260622-231416-tpc-baseline/plans/analyze/ssb/q3.2.result
ssb,q3.3,1,1,4,"HASH JOIN (BROADCAST, INNER, eq: [lo_orderdate = d_datekey])",5472754,47.1ms,0.0471,12.3MB,6,/Users/harbor/.codex/worktrees/4f87/NovaRocks/logs/baseline/20260622-231416-tpc-baseline/plans/analyze/ssb/q3.3.result
ssb,q3.3,1,2,7,"HASH JOIN (BROADCAST, INNER, eq: [lo_custkey = c_custkey])",46243,15.7ms,0.0157,14.5MB,4,/Users/harbor/.codex/worktrees/4f87/NovaRocks/logs/baseline/20260622-231416-tpc-baseline/plans/analyze/ssb/q3.3.result
ssb,q3.3,1,3,10,"HASH JOIN (BROADCAST, INNER, eq: [lo_suppkey = s_suppkey])",494,3.1ms,0.0031,98.0KB,2,/Users/harbor/.codex/worktrees/4f87/NovaRocks/logs/baseline/20260622-231416-tpc-baseline/plans/analyze/ssb/q3.3.result
ssb,q3.3,1,4,9,GATHER,57,2.0ms,0.002,0B,4,/Users/harbor/.codex/worktrees/4f87/NovaRocks/logs/baseline/20260622-231416-tpc-baseline/plans/analyze/ssb/q3.3.result
ssb,q3.3,1,5,11,"HASH AGGREGATE (LOCAL, group by: [c_city, s_city, d_year])",509,1.6ms,0.0016,1.8MB,0,/Users/harbor/.codex/worktrees/4f87/NovaRocks/logs/baseline/20260622-231416-tpc-baseline/plans/analyze/ssb/q3.3.result
ssb,q3.4,1,1,4,"HASH JOIN (BROADCAST, INNER, eq: [lo_orderdate = d_datekey])",77544,11.5ms,0.0115,8.6MB,6,/Users/harbor/.codex/worktrees/4f87/NovaRocks/logs/baseline/20260622-231416-tpc-baseline/plans/analyze/ssb/q3.4.result
ssb,q3.4,1,2,10,"HASH JOIN (BROADCAST, INNER, eq: [lo_suppkey = s_suppkey])",64,9.2ms,0.0092,32.5KB,2,/Users/harbor/.codex/worktrees/4f87/NovaRocks/logs/baseline/20260622-231416-tpc-baseline/plans/analyze/ssb/q3.4.result
ssb,q3.4,1,3,7,"HASH JOIN (BROADCAST, INNER, eq: [lo_custkey = c_custkey])",1416,964.5us,0.0009645,698.0KB,4,/Users/harbor/.codex/worktrees/4f87/NovaRocks/logs/baseline/20260622-231416-tpc-baseline/plans/analyze/ssb/q3.4.result
ssb,q3.4,1,4,1,SCAN ssb.lineorder,6001171,449.2us,0.0004492,0B,8,/Users/harbor/.codex/worktrees/4f87/NovaRocks/logs/baseline/20260622-231416-tpc-baseline/plans/analyze/ssb/q3.4.result
ssb,q3.4,1,5,8,SCAN ssb.supplier,19,277.6us,0.0002776,11.4KB,0,/Users/harbor/.codex/worktrees/4f87/NovaRocks/logs/baseline/20260622-231416-tpc-baseline/plans/analyze/ssb/q3.4.result
ssb,q4.1,1,1,14,"HASH AGGREGATE (LOCAL, group by: [d_year, c_nation])",90424,451.5ms,0.4515,1.9MB,0,/Users/harbor/.codex/worktrees/4f87/NovaRocks/logs/baseline/20260622-231416-tpc-baseline/plans/analyze/ssb/q4.1.result
ssb,q4.1,1,2,4,"HASH JOIN (BROADCAST, INNER, eq: [lo_partkey = p_partkey])",2639872,219.5ms,0.2195,54.8MB,8,/Users/harbor/.codex/worktrees/4f87/NovaRocks/logs/baseline/20260622-231416-tpc-baseline/plans/analyze/ssb/q4.1.result
ssb,q4.1,1,3,13,"HASH JOIN (BROADCAST, INNER, eq: [lo_orderdate = d_datekey])",97987,174.5ms,0.1745,2.4MB,2,/Users/harbor/.codex/worktrees/4f87/NovaRocks/logs/baseline/20260622-231416-tpc-baseline/plans/analyze/ssb/q4.1.result
ssb,q4.1,1,4,7,"HASH JOIN (BROADCAST, INNER, eq: [lo_suppkey = s_suppkey])",453969,149.8ms,0.1498,596.2KB,6,/Users/harbor/.codex/worktrees/4f87/NovaRocks/logs/baseline/20260622-231416-tpc-baseline/plans/analyze/ssb/q4.1.result
ssb,q4.1,1,5,10,"HASH JOIN (BROADCAST, INNER, eq: [lo_custkey = c_custkey])",108295,147.1ms,0.1471,3.9MB,4,/Users/harbor/.codex/worktrees/4f87/NovaRocks/logs/baseline/20260622-231416-tpc-baseline/plans/analyze/ssb/q4.1.result
ssb,q4.2,1,1,10,"HASH JOIN (BROADCAST, INNER, eq: [lo_suppkey = s_suppkey])",109948,175.4ms,0.1754,618.2KB,4,/Users/harbor/.codex/worktrees/4f87/NovaRocks/logs/baseline/20260622-231416-tpc-baseline/plans/analyze/ssb/q4.2.result
ssb,q4.2,1,2,7,"HASH JOIN (BROADCAST, INNER, eq: [lo_partkey = p_partkey])",816693,174.7ms,0.1747,56.2MB,6,/Users/harbor/.codex/worktrees/4f87/NovaRocks/logs/baseline/20260622-231416-tpc-baseline/plans/analyze/ssb/q4.2.result
ssb,q4.2,1,3,14,"HASH AGGREGATE (LOCAL, group by: [d_year, s_nation, p_category])",22172,160.3ms,0.1603,1.9MB,0,/Users/harbor/.codex/worktrees/4f87/NovaRocks/logs/baseline/20260622-231416-tpc-baseline/plans/analyze/ssb/q4.2.result
ssb,q4.2,1,4,13,"HASH JOIN (BROADCAST, INNER, eq: [lo_custkey = c_custkey])",39848,104.3ms,0.1043,3.9MB,2,/Users/harbor/.codex/worktrees/4f87/NovaRocks/logs/baseline/20260622-231416-tpc-baseline/plans/analyze/ssb/q4.2.result
ssb,q4.2,1,5,4,"HASH JOIN (BROADCAST, INNER, eq: [lo_orderdate = d_datekey])",1447171,46.6ms,0.0466,11.4MB,8,/Users/harbor/.codex/worktrees/4f87/NovaRocks/logs/baseline/20260622-231416-tpc-baseline/plans/analyze/ssb/q4.2.result
ssb,q4.3,1,1,4,"HASH JOIN (BROADCAST, INNER, eq: [lo_orderdate = d_datekey])",1447171,67.4ms,0.0674,11.4MB,8,/Users/harbor/.codex/worktrees/4f87/NovaRocks/logs/baseline/20260622-231416-tpc-baseline/plans/analyze/ssb/q4.3.result
ssb,q4.3,1,2,7,"HASH JOIN (BROADCAST, INNER, eq: [lo_partkey = p_partkey])",81758,62.8ms,0.0628,14.4MB,6,/Users/harbor/.codex/worktrees/4f87/NovaRocks/logs/baseline/20260622-231416-tpc-baseline/plans/analyze/ssb/q4.3.result
ssb,q4.3,1,3,10,"HASH JOIN (BROADCAST, INNER, eq: [lo_suppkey = s_suppkey])",2402,15.6ms,0.0156,136.1KB,4,/Users/harbor/.codex/worktrees/4f87/NovaRocks/logs/baseline/20260622-231416-tpc-baseline/plans/analyze/ssb/q4.3.result
ssb,q4.3,1,4,1,SCAN ssb.lineorder,6001171,13.0ms,0.013,0B,10,/Users/harbor/.codex/worktrees/4f87/NovaRocks/logs/baseline/20260622-231416-tpc-baseline/plans/analyze/ssb/q4.3.result
ssb,q4.3,1,5,14,"HASH AGGREGATE (LOCAL, group by: [d_year, s_city, p_brand])",875,6.9ms,0.0069,1.9MB,0,/Users/harbor/.codex/worktrees/4f87/NovaRocks/logs/baseline/20260622-231416-tpc-baseline/plans/analyze/ssb/q4.3.result
tpc-ds,q1,1,1,59,"LOCAL TOP-N (limit=100, offset=0) [c_customer_id ASC NULLS FIRST]",13234,23.4ms,0.0234,22.3KB,0,/Users/harbor/.codex/worktrees/4f87/NovaRocks/logs/baseline/20260622-231416-tpc-baseline/plans/analyze/tpc-ds/q1.result
tpc-ds,q1,1,2,49,"HASH JOIN (PARTITIONED, INNER, eq: [c_customer_sk = ctr1.ctr_customer_sk])",199866,12.6ms,0.0126,18.2MB,8,/Users/harbor/.codex/worktrees/4f87/NovaRocks/logs/baseline/20260622-231416-tpc-baseline/plans/analyze/tpc-ds/q1.result
tpc-ds,q1,1,3,58,PROJECT [c_customer_id],12934,9.6ms,0.0096,51.2KB,2,/Users/harbor/.codex/worktrees/4f87/NovaRocks/logs/baseline/20260622-231416-tpc-baseline/plans/analyze/tpc-ds/q1.result
tpc-ds,q1,1,4,56,"HASH JOIN (BROADCAST, LEFT OUTER, eq: [ctr1.ctr_store_sk = ctr2.ctr_store_sk])",62888,7.6ms,0.0076,276.0KB,6,/Users/harbor/.codex/worktrees/4f87/NovaRocks/logs/baseline/20260622-231416-tpc-baseline/plans/analyze/tpc-ds/q1.result
tpc-ds,q1,1,5,11,EXCHANGE,100374,5.7ms,0.0057,402.9KB,68,/Users/harbor/.codex/worktrees/4f87/NovaRocks/logs/baseline/20260622-231416-tpc-baseline/plans/analyze/tpc-ds/q1.result
tpc-ds,q10,1,1,14,"HASH JOIN (BROADCAST, LEFT SEMI, eq: [c.c_customer_sk = store_sales.ss_customer_sk])",319193,62.5ms,0.0625,7.3MB,4,/Users/harbor/.codex/worktrees/4f87/NovaRocks/logs/baseline/20260622-231416-tpc-baseline/plans/analyze/tpc-ds/q10.result
tpc-ds,q10,1,2,23,"HASH JOIN (BROADCAST, INNER, eq: [cs_sold_date_sk = d_date_sk])",54721,33.5ms,0.0335,8.4MB,10,/Users/harbor/.codex/worktrees/4f87/NovaRocks/logs/baseline/20260622-231416-tpc-baseline/plans/analyze/tpc-ds/q10.result
tpc-ds,q10,1,3,20,SCAN tpcds.catalog_sales,1434368,32.9ms,0.0329,0B,12,/Users/harbor/.codex/worktrees/4f87/NovaRocks/logs/baseline/20260622-231416-tpc-baseline/plans/analyze/tpc-ds/q10.result
tpc-ds,q10,1,4,15,SCAN tpcds.web_sales,719195,23.3ms,0.0233,0B,12,/Users/harbor/.codex/worktrees/4f87/NovaRocks/logs/baseline/20260622-231416-tpc-baseline/plans/analyze/tpc-ds/q10.result
tpc-ds,q10,1,5,30,"HASH JOIN (BROADCAST, LEFT SEMI, eq: [c.c_customer_sk = x.customer_sk])",246014,16.8ms,0.0168,7.5MB,2,/Users/harbor/.codex/worktrees/4f87/NovaRocks/logs/baseline/20260622-231416-tpc-baseline/plans/analyze/tpc-ds/q10.result
tpc-ds,q11,1,1,8,"HASH AGGREGATE (LOCAL, group by: [customer_id, customer_first_name, customer_last_name, customer_preferred_cust_flag, customer_birth_country, customer_login, customer_email_address, dyear])",2914236,495.0ms,0.495,95.4MB,0,/Users/harbor/.codex/worktrees/4f87/NovaRocks/logs/baseline/20260622-231416-tpc-baseline/plans/analyze/tpc-ds/q11.result
tpc-ds,q11,1,2,7,"HASH JOIN (BROADCAST, INNER, eq: [ss_sold_date_sk = d_date_sk])",2904600,342.0ms,0.342,43.9MB,2,/Users/harbor/.codex/worktrees/4f87/NovaRocks/logs/baseline/20260622-231416-tpc-baseline/plans/analyze/tpc-ds/q11.result
tpc-ds,q11,1,3,19,"HASH AGGREGATE (LOCAL, group by: [customer_id, customer_first_name, customer_last_name, customer_preferred_cust_flag, customer_birth_country, customer_login, customer_email_address, dyear])",780282,236.1ms,0.2361,28.7MB,0,/Users/harbor/.codex/worktrees/4f87/NovaRocks/logs/baseline/20260622-231416-tpc-baseline/plans/analyze/tpc-ds/q11.result
tpc-ds,q11,1,4,4,"HASH JOIN (BROADCAST, INNER, eq: [ss_customer_sk = c_customer_sk])",2985453,206.1ms,0.2061,89.2MB,4,/Users/harbor/.codex/worktrees/4f87/NovaRocks/logs/baseline/20260622-231416-tpc-baseline/plans/analyze/tpc-ds/q11.result
tpc-ds,q11,1,5,18,"HASH JOIN (BROADCAST, INNER, eq: [ws_sold_date_sk = d_date_sk])",938266,133.6ms,0.1336,43.4MB,2,/Users/harbor/.codex/worktrees/4f87/NovaRocks/logs/baseline/20260622-231416-tpc-baseline/plans/analyze/tpc-ds/q11.result
tpc-ds,q12,1,1,4,"HASH JOIN (BROADCAST, INNER, eq: [ws_item_sk = i_item_sk])",229641,128.3ms,0.1283,25.7MB,4,/Users/harbor/.codex/worktrees/4f87/NovaRocks/logs/baseline/20260622-231416-tpc-baseline/plans/analyze/tpc-ds/q12.result
tpc-ds,q12,1,2,8,"HASH AGGREGATE (LOCAL, group by: [i_item_id, i_item_desc, i_category, i_class, i_current_price])",3421,1.3ms,0.0013,2.5MB,0,/Users/harbor/.codex/worktrees/4f87/NovaRocks/logs/baseline/20260622-231416-tpc-baseline/plans/analyze/tpc-ds/q12.result
tpc-ds,q12,1,3,7,"HASH JOIN (BROADCAST, INNER, eq: [ws_sold_date_sk = d_date_sk])",2100,1.3ms,0.0013,2.4MB,2,/Users/harbor/.codex/worktrees/4f87/NovaRocks/logs/baseline/20260622-231416-tpc-baseline/plans/analyze/tpc-ds/q12.result
tpc-ds,q12,1,4,1,SCAN tpcds.web_sales,719195,969.0us,0.000969,0B,6,/Users/harbor/.codex/worktrees/4f87/NovaRocks/logs/baseline/20260622-231416-tpc-baseline/plans/analyze/tpc-ds/q12.result
tpc-ds,q12,1,5,10,"HASH AGGREGATE (GLOBAL, group by: [i_item_id, i_item_desc, i_category, i_class, i_current_price])",2821,952.8us,0.0009528,2.5MB,0,/Users/harbor/.codex/worktrees/4f87/NovaRocks/logs/baseline/20260622-231416-tpc-baseline/plans/analyze/tpc-ds/q12.result
tpc-ds,q13,1,1,14,"PROJECT [ss_sold_date_sk, ss_cdemo_sk, ss_hdemo_sk, ss_addr_sk, ss_store_sk, ss_quantity, ss_sales_price, ss_ext_sales_price, ss_ext_wholesale_cost, ss_net_profit, hd_demo_sk, hd_dep_count, ca_address_sk, ca_state, ca_country, hd_dep_count = 1 AS __cse_0, ss_sales_price BETWEEN 100.00 AND 150.00 AS __cse_1, ss_sales_price BETWEEN 50.00 AND 100.00 AS __cse_2, ss_sales_price BETWEEN 150.00 AND 200.00 AS __cse_3]",8751,1.1s,1.1,50.4KB,2,/Users/harbor/.codex/worktrees/4f87/NovaRocks/logs/baseline/20260622-231416-tpc-baseline/plans/analyze/tpc-ds/q13.result
tpc-ds,q13,1,2,15,"HASH JOIN (BROADCAST, INNER, eq: [cd_demo_sk = ss_cdemo_sk])",8796,64.4ms,0.0644,25.2MB,0,/Users/harbor/.codex/worktrees/4f87/NovaRocks/logs/baseline/20260622-231416-tpc-baseline/plans/analyze/tpc-ds/q13.result
tpc-ds,q13,1,3,12,"HASH JOIN (BROADCAST, INNER, eq: [ss_addr_sk = ca_address_sk])",37756,63.0ms,0.063,17.9MB,0,/Users/harbor/.codex/worktrees/4f87/NovaRocks/logs/baseline/20260622-231416-tpc-baseline/plans/analyze/tpc-ds/q13.result
tpc-ds,q13,1,4,8,"HASH JOIN (BROADCAST, INNER, eq: [ss_hdemo_sk = hd_demo_sk])",11052,22.6ms,0.0226,1.5MB,2,/Users/harbor/.codex/worktrees/4f87/NovaRocks/logs/baseline/20260622-231416-tpc-baseline/plans/analyze/tpc-ds/q13.result
tpc-ds,q13,1,5,4,"PROJECT [cd_demo_sk, cd_marital_status, cd_education_status, cd_marital_status = 'M' AS __cse_0, cd_education_status = 'Advanced Degree' AS __cse_1, cd_marital_status = 'S' AS __cse_2, cd_education_status = 'College' AS __cse_3, cd_marital_status = 'W' AS __cse_4, cd_education_status = '2 yr Degree' AS __cse_5]",12058,9.2ms,0.0092,188.4KB,2,/Users/harbor/.codex/worktrees/4f87/NovaRocks/logs/baseline/20260622-231416-tpc-baseline/plans/analyze/tpc-ds/q13.result
tpc-ds,q14,1,1,6,"HASH JOIN (BROADCAST, INNER, eq: [ss_item_sk = iss.i_item_sk])",2804311,410.8ms,0.4108,17.5MB,4,/Users/harbor/.codex/worktrees/4f87/NovaRocks/logs/baseline/20260622-231416-tpc-baseline/plans/analyze/tpc-ds/q14.result
tpc-ds,q14,1,2,15,"HASH JOIN (BROADCAST, INNER, eq: [cs_item_sk = ics.i_item_sk])",1488368,351.7ms,0.3517,18.4MB,4,/Users/harbor/.codex/worktrees/4f87/NovaRocks/logs/baseline/20260622-231416-tpc-baseline/plans/analyze/tpc-ds/q14.result
tpc-ds,q14,1,3,85,"HASH JOIN (BROADCAST, INNER, eq: [cs_item_sk = i_item_sk])",507017,321.0ms,0.321,18.1MB,2,/Users/harbor/.codex/worktrees/4f87/NovaRocks/logs/baseline/20260622-231416-tpc-baseline/plans/analyze/tpc-ds/q14.result
tpc-ds,q14,1,4,54,HASH AGGREGATE (LOCAL),12,248.1ms,0.2481,1.1MB,0,/Users/harbor/.codex/worktrees/4f87/NovaRocks/logs/baseline/20260622-231416-tpc-baseline/plans/analyze/tpc-ds/q14.result
tpc-ds,q14,1,5,110,"HASH JOIN (BROADCAST, INNER, eq: [ws_item_sk = i_item_sk])",501758,223.0ms,0.223,21.4MB,2,/Users/harbor/.codex/worktrees/4f87/NovaRocks/logs/baseline/20260622-231416-tpc-baseline/plans/analyze/tpc-ds/q14.result
tpc-ds,q14,2,1,95,"HASH JOIN (BROADCAST, INNER, eq: [ss_sold_date_sk = d_date_sk])",2958410,348.4ms,0.3484,49.0MB,4,/Users/harbor/.codex/worktrees/4f87/NovaRocks/logs/baseline/20260622-231416-tpc-baseline/plans/analyze/tpc-ds/q14.result
tpc-ds,q14,2,2,92,"HASH JOIN (BROADCAST, INNER, eq: [ss_item_sk = i_item_sk])",2793056,236.8ms,0.2368,21.5MB,6,/Users/harbor/.codex/worktrees/4f87/NovaRocks/logs/baseline/20260622-231416-tpc-baseline/plans/analyze/tpc-ds/q14.result
tpc-ds,q14,2,3,61,"HASH JOIN (BROADCAST, INNER, eq: [ss_item_sk = i_item_sk])",2793056,211.1ms,0.2111,20.0MB,6,/Users/harbor/.codex/worktrees/4f87/NovaRocks/logs/baseline/20260622-231416-tpc-baseline/plans/analyze/tpc-ds/q14.result
tpc-ds,q14,2,4,64,"HASH JOIN (BROADCAST, INNER, eq: [ss_sold_date_sk = d_date_sk])",2958410,164.9ms,0.1649,47.5MB,4,/Users/harbor/.codex/worktrees/4f87/NovaRocks/logs/baseline/20260622-231416-tpc-baseline/plans/analyze/tpc-ds/q14.result
tpc-ds,q14,2,5,6,"HASH JOIN (BROADCAST, INNER, eq: [ss_item_sk = iss.i_item_sk])",2804311,154.2ms,0.1542,18.9MB,4,/Users/harbor/.codex/worktrees/4f87/NovaRocks/logs/baseline/20260622-231416-tpc-baseline/plans/analyze/tpc-ds/q14.result
tpc-ds,q15,1,1,7,"HASH JOIN (BROADCAST, INNER, eq: [c_current_addr_sk = ca_address_sk])",265520,400.8ms,0.4008,32.4MB,4,/Users/harbor/.codex/worktrees/4f87/NovaRocks/logs/baseline/20260622-231416-tpc-baseline/plans/analyze/tpc-ds/q15.result
tpc-ds,q15,1,2,4,"HASH JOIN (BROADCAST, INNER, eq: [cs_bill_customer_sk = c_customer_sk])",1730939,60.8ms,0.0608,61.9MB,6,/Users/harbor/.codex/worktrees/4f87/NovaRocks/logs/baseline/20260622-231416-tpc-baseline/plans/analyze/tpc-ds/q15.result
tpc-ds,q15,1,3,10,"HASH JOIN (BROADCAST, INNER, eq: [cs_sold_date_sk = d_date_sk])",3616,3.0ms,0.003,221.6KB,2,/Users/harbor/.codex/worktrees/4f87/NovaRocks/logs/baseline/20260622-231416-tpc-baseline/plans/analyze/tpc-ds/q15.result
tpc-ds,q15,1,4,11,"HASH AGGREGATE (LOCAL, group by: [ca_zip])",3623,1.2ms,0.0012,1.7MB,0,/Users/harbor/.codex/worktrees/4f87/NovaRocks/logs/baseline/20260622-231416-tpc-baseline/plans/analyze/tpc-ds/q15.result
tpc-ds,q15,1,5,1,SCAN tpcds.catalog_sales,1430939,1.0ms,0.001,0B,8,/Users/harbor/.codex/worktrees/4f87/NovaRocks/logs/baseline/20260622-231416-tpc-baseline/plans/analyze/tpc-ds/q15.result
tpc-ds,q16,1,1,15,"HASH JOIN (PARTITIONED, LEFT SEMI, eq: [cs1.cs_order_number = cs2.cs_order_number])",1446228,185.0ms,0.185,43.5MB,4,/Users/harbor/.codex/worktrees/4f87/NovaRocks/logs/baseline/20260622-231416-tpc-baseline/plans/analyze/tpc-ds/q16.result
tpc-ds,q16,1,2,19,"HASH JOIN (BROADCAST, LEFT ANTI, eq: [cs1.cs_order_number = cr1.cr_order_number])",433034,147.9ms,0.1479,15.1MB,2,/Users/harbor/.codex/worktrees/4f87/NovaRocks/logs/baseline/20260622-231416-tpc-baseline/plans/analyze/tpc-ds/q16.result
tpc-ds,q16,1,3,13,"PROJECT [cs2.cs_warehouse_sk AS cs_warehouse_sk, cs2.cs_order_number AS cs_order_number]",1441548,16.2ms,0.0162,12.5MB,0,/Users/harbor/.codex/worktrees/4f87/NovaRocks/logs/baseline/20260622-231416-tpc-baseline/plans/analyze/tpc-ds/q16.result
tpc-ds,q16,1,4,4,"HASH JOIN (BROADCAST, INNER, eq: [cs1.cs_ship_date_sk = d_date_sk])",11352,7.2ms,0.0072,7.1MB,4,/Users/harbor/.codex/worktrees/4f87/NovaRocks/logs/baseline/20260622-231416-tpc-baseline/plans/analyze/tpc-ds/q16.result
tpc-ds,q16,1,5,10,"HASH JOIN (BROADCAST, INNER, eq: [cs1.cs_call_center_sk = cc_call_center_sk])",2361,3.1ms,0.0031,2.6MB,0,/Users/harbor/.codex/worktrees/4f87/NovaRocks/logs/baseline/20260622-231416-tpc-baseline/plans/analyze/tpc-ds/q16.result
tpc-ds,q17,1,1,12,"HASH JOIN (BROADCAST, INNER, eq: [ss_customer_sk = sr_customer_sk, ss_item_sk = sr_item_sk, ss_ticket_number = sr_ticket_number])",149138,232.8ms,0.2328,55.6MB,0,/Users/harbor/.codex/worktrees/4f87/NovaRocks/logs/baseline/20260622-231416-tpc-baseline/plans/analyze/tpc-ds/q17.result
tpc-ds,q17,1,2,14,"HASH JOIN (BROADCAST, INNER, eq: [cs_bill_customer_sk = sr_customer_sk, cs_item_sk = sr_item_sk])",87564,150.3ms,0.1503,111.8MB,0,/Users/harbor/.codex/worktrees/4f87/NovaRocks/logs/baseline/20260622-231416-tpc-baseline/plans/analyze/tpc-ds/q17.result
tpc-ds,q17,1,3,13,GATHER,87531,111.9ms,0.1119,0B,2,/Users/harbor/.codex/worktrees/4f87/NovaRocks/logs/baseline/20260622-231416-tpc-baseline/plans/analyze/tpc-ds/q17.result
tpc-ds,q17,1,4,10,"HASH JOIN (BROADCAST, INNER, eq: [sr_returned_date_sk = d2.d_date_sk])",40809,57.1ms,0.0571,8.0MB,0,/Users/harbor/.codex/worktrees/4f87/NovaRocks/logs/baseline/20260622-231416-tpc-baseline/plans/analyze/tpc-ds/q17.result
tpc-ds,q17,1,5,6,SCAN tpcds.store_sales,597180,34.7ms,0.0347,0B,2,/Users/harbor/.codex/worktrees/4f87/NovaRocks/logs/baseline/20260622-231416-tpc-baseline/plans/analyze/tpc-ds/q17.result
tpc-ds,q18,1,1,8,"HASH JOIN (BROADCAST, INNER, eq: [cd2.cd_demo_sk = c_current_cdemo_sk])",27664,123.2ms,0.1232,23.1MB,0,/Users/harbor/.codex/worktrees/4f87/NovaRocks/logs/baseline/20260622-231416-tpc-baseline/plans/analyze/tpc-ds/q18.result
tpc-ds,q18,1,2,21,"PROJECT [i_item_id, ca_country, ca_state, ca_county, cs_quantity, cs_list_price, cs_coupon_amt, cs_sales_price, cs_net_profit, c_birth_year, cd1.cd_dep_count AS cd_dep_count, i_item_id AS __repeat_group_key_0, ca_country AS __repeat_group_key_1, ca_state AS __repeat_group_key_2, ca_county AS __repeat_group_key_3]",1318,64.2ms,0.0642,85.4KB,2,/Users/harbor/.codex/worktrees/4f87/NovaRocks/logs/baseline/20260622-231416-tpc-baseline/plans/analyze/tpc-ds/q18.result
tpc-ds,q18,1,3,17,"HASH JOIN (PARTITIONED, INNER, eq: [cs_bill_cdemo_sk = cd1.cd_demo_sk])",157859,55.8ms,0.0558,28.4MB,6,/Users/harbor/.codex/worktrees/4f87/NovaRocks/logs/baseline/20260622-231416-tpc-baseline/plans/analyze/tpc-ds/q18.result
tpc-ds,q18,1,4,2,SCAN tpcds.customer_demographics (alias=cd2),267930,52.5ms,0.0525,0B,2,/Users/harbor/.codex/worktrees/4f87/NovaRocks/logs/baseline/20260622-231416-tpc-baseline/plans/analyze/tpc-ds/q18.result
tpc-ds,q18,1,5,15,SCAN tpcds.customer_demographics (alias=cd1),137200,41.0ms,0.041,7.0MB,0,/Users/harbor/.codex/worktrees/4f87/NovaRocks/logs/baseline/20260622-231416-tpc-baseline/plans/analyze/tpc-ds/q18.result
tpc-ds,q19,1,1,6,"HASH JOIN (BROADCAST, INNER, eq: [ss_item_sk = i_item_sk])",9203,25.7ms,0.0257,5.0MB,2,/Users/harbor/.codex/worktrees/4f87/NovaRocks/logs/baseline/20260622-231416-tpc-baseline/plans/analyze/tpc-ds/q19.result
tpc-ds,q19,1,2,9,"HASH JOIN (BROADCAST, INNER, eq: [ss_sold_date_sk = d_date_sk])",1582,17.7ms,0.0177,2.0MB,0,/Users/harbor/.codex/worktrees/4f87/NovaRocks/logs/baseline/20260622-231416-tpc-baseline/plans/analyze/tpc-ds/q19.result
tpc-ds,q19,1,3,11,"HASH JOIN (BROADCAST, INNER, eq: [c_customer_sk = ss_customer_sk])",5968,7.3ms,0.0073,7.6MB,0,/Users/harbor/.codex/worktrees/4f87/NovaRocks/logs/baseline/20260622-231416-tpc-baseline/plans/analyze/tpc-ds/q19.result
tpc-ds,q19,1,4,17,"HASH AGGREGATE (LOCAL, group by: [brand, brand_id, i_manufact_id, i_manufact])",1747,5.9ms,0.0059,1.2MB,0,/Users/harbor/.codex/worktrees/4f87/NovaRocks/logs/baseline/20260622-231416-tpc-baseline/plans/analyze/tpc-ds/q19.result
tpc-ds,q19,1,5,16,"HASH JOIN (BROADCAST, INNER, eq: [ss_store_sk = s_store_sk])",1483,4.4ms,0.0044,17.4KB,2,/Users/harbor/.codex/worktrees/4f87/NovaRocks/logs/baseline/20260622-231416-tpc-baseline/plans/analyze/tpc-ds/q19.result
tpc-ds,q2,1,1,14,"HASH AGGREGATE (LOCAL, group by: [d_week_seq])",2154307,55.5ms,0.0555,8.5MB,0,/Users/harbor/.codex/worktrees/4f87/NovaRocks/logs/baseline/20260622-231416-tpc-baseline/plans/analyze/tpc-ds/q2.result
tpc-ds,q2,1,2,13,"HASH JOIN (PARTITIONED, INNER, eq: [sold_date_sk = d_date_sk])",4380175,27.8ms,0.0278,16.1MB,2,/Users/harbor/.codex/worktrees/4f87/NovaRocks/logs/baseline/20260622-231416-tpc-baseline/plans/analyze/tpc-ds/q2.result
tpc-ds,q2,1,3,8,"PROJECT [sold_date_sk, sales_price]",4314495,6.9ms,0.0069,4.4MB,2,/Users/harbor/.codex/worktrees/4f87/NovaRocks/logs/baseline/20260622-231416-tpc-baseline/plans/analyze/tpc-ds/q2.result
tpc-ds,q2,1,4,4,"PROJECT [cs_sold_date_sk AS sold_date_sk, cs_ext_sales_price AS sales_price]",1441548,1.7ms,0.0017,3.5MB,10,/Users/harbor/.codex/worktrees/4f87/NovaRocks/logs/baseline/20260622-231416-tpc-baseline/plans/analyze/tpc-ds/q2.result
tpc-ds,q2,1,5,5,UNION ALL,4321864,1.4ms,0.0014,1.3MB,8,/Users/harbor/.codex/worktrees/4f87/NovaRocks/logs/baseline/20260622-231416-tpc-baseline/plans/analyze/tpc-ds/q2.result
tpc-ds,q20,1,1,4,"HASH JOIN (BROADCAST, INNER, eq: [cs_item_sk = i_item_sk])",440159,100.8ms,0.1008,26.6MB,4,/Users/harbor/.codex/worktrees/4f87/NovaRocks/logs/baseline/20260622-231416-tpc-baseline/plans/analyze/tpc-ds/q20.result
tpc-ds,q20,1,2,1,SCAN tpcds.catalog_sales,1434368,19.9ms,0.0199,0B,6,/Users/harbor/.codex/worktrees/4f87/NovaRocks/logs/baseline/20260622-231416-tpc-baseline/plans/analyze/tpc-ds/q20.result
tpc-ds,q20,1,3,7,"HASH JOIN (BROADCAST, INNER, eq: [cs_sold_date_sk = d_date_sk])",4177,7.3ms,0.0073,2.6MB,2,/Users/harbor/.codex/worktrees/4f87/NovaRocks/logs/baseline/20260622-231416-tpc-baseline/plans/analyze/tpc-ds/q20.result
tpc-ds,q20,1,4,8,"HASH AGGREGATE (LOCAL, group by: [i_item_id, i_item_desc, i_category, i_class, i_current_price])",6187,5.5ms,0.0055,2.3MB,0,/Users/harbor/.codex/worktrees/4f87/NovaRocks/logs/baseline/20260622-231416-tpc-baseline/plans/analyze/tpc-ds/q20.result
tpc-ds,q20,1,5,2,SCAN tpcds.item,5323,581.4us,0.0005814,4.7MB,0,/Users/harbor/.codex/worktrees/4f87/NovaRocks/logs/baseline/20260622-231416-tpc-baseline/plans/analyze/tpc-ds/q20.result
tpc-ds,q21,1,1,4,"HASH JOIN (BROADCAST, INNER, eq: [inv_warehouse_sk = w_warehouse_sk])",11745015,87.7ms,0.0877,2.6MB,8,/Users/harbor/.codex/worktrees/4f87/NovaRocks/logs/baseline/20260622-231416-tpc-baseline/plans/analyze/tpc-ds/q21.result
tpc-ds,q21,1,2,7,"HASH JOIN (BROADCAST, INNER, eq: [inv_item_sk = i_item_sk])",730162,25.6ms,0.0256,4.7MB,6,/Users/harbor/.codex/worktrees/4f87/NovaRocks/logs/baseline/20260622-231416-tpc-baseline/plans/analyze/tpc-ds/q21.result
tpc-ds,q21,1,3,11,"PROJECT [inv_date_sk, inv_item_sk, inv_warehouse_sk, inv_quantity_on_hand, w_warehouse_sk, x.w_warehouse_name AS w_warehouse_name, i_item_sk, x.i_item_id AS i_item_id, i_current_price, d_date_sk, d_date, CAST('2000-03-11' AS Date32) AS __cse_0]",25155,8.7ms,0.0087,392.5KB,2,/Users/harbor/.codex/worktrees/4f87/NovaRocks/logs/baseline/20260622-231416-tpc-baseline/plans/analyze/tpc-ds/q21.result
tpc-ds,q21,1,4,1,SCAN tpcds.inventory,11745000,5.6ms,0.0056,0B,10,/Users/harbor/.codex/worktrees/4f87/NovaRocks/logs/baseline/20260622-231416-tpc-baseline/plans/analyze/tpc-ds/q21.result
tpc-ds,q21,1,5,12,"HASH AGGREGATE (LOCAL, group by: [x.w_warehouse_name, x.i_item_id])",30745,4.0ms,0.004,1.8MB,0,/Users/harbor/.codex/worktrees/4f87/NovaRocks/logs/baseline/20260622-231416-tpc-baseline/plans/analyze/tpc-ds/q21.result
tpc-ds,q22,1,1,10,"HASH AGGREGATE (LOCAL, group by: [i_product_name, i_brand, i_class, i_category, __grouping_fn_0])",11807904,207.4ms,0.2074,33.0MB,0,/Users/harbor/.codex/worktrees/4f87/NovaRocks/logs/baseline/20260622-231416-tpc-baseline/plans/analyze/tpc-ds/q22.result
tpc-ds,q22,1,2,7,"HASH JOIN (BROADCAST, INNER, eq: [inv_item_sk = i_item_sk])",2394000,35.3ms,0.0353,19.9MB,6,/Users/harbor/.codex/worktrees/4f87/NovaRocks/logs/baseline/20260622-231416-tpc-baseline/plans/analyze/tpc-ds/q22.result
tpc-ds,q22,1,3,4,"HASH JOIN (BROADCAST, INNER, eq: [inv_date_sk = d_date_sk])",2341098,31.2ms,0.0312,5.4MB,8,/Users/harbor/.codex/worktrees/4f87/NovaRocks/logs/baseline/20260622-231416-tpc-baseline/plans/analyze/tpc-ds/q22.result
tpc-ds,q22,1,4,8,"PROJECT [i_product_name, i_brand, i_class, i_category, inv_quantity_on_hand, i_product_name AS __repeat_group_key_0, i_brand AS __repeat_group_key_1, i_class AS __repeat_group_key_2, i_category AS __repeat_group_key_3]",2340000,13.4ms,0.0134,8.2MB,4,/Users/harbor/.codex/worktrees/4f87/NovaRocks/logs/baseline/20260622-231416-tpc-baseline/plans/analyze/tpc-ds/q22.result
tpc-ds,q22,1,5,9,REPEAT (5 grouping sets),11700000,8.0ms,0.008,1.1MB,2,/Users/harbor/.codex/worktrees/4f87/NovaRocks/logs/baseline/20260622-231416-tpc-baseline/plans/analyze/tpc-ds/q22.result
tpc-ds,q23,1,1,17,"HASH AGGREGATE (LOCAL, group by: [c_customer_sk])",2936196,391.6ms,0.3916,17.5MB,0,/Users/harbor/.codex/worktrees/4f87/NovaRocks/logs/baseline/20260622-231416-tpc-baseline/plans/analyze/tpc-ds/q23.result
tpc-ds,q23,1,2,24,"HASH JOIN (BROADCAST, INNER, eq: [ss_customer_sk = c_customer_sk])",2985453,308.4ms,0.3084,59.4MB,4,/Users/harbor/.codex/worktrees/4f87/NovaRocks/logs/baseline/20260622-231416-tpc-baseline/plans/analyze/tpc-ds/q23.result
tpc-ds,q23,1,3,28,"HASH AGGREGATE (LOCAL, group by: [c_customer_sk])",1734285,305.6ms,0.3056,12.2MB,0,/Users/harbor/.codex/worktrees/4f87/NovaRocks/logs/baseline/20260622-231416-tpc-baseline/plans/analyze/tpc-ds/q23.result
tpc-ds,q23,1,4,8,"HASH AGGREGATE (LOCAL, group by: [substring(i_item_desc, 1, 30), item_sk, solddate])",3146718,253.8ms,0.2538,233.6MB,0,/Users/harbor/.codex/worktrees/4f87/NovaRocks/logs/baseline/20260622-231416-tpc-baseline/plans/analyze/tpc-ds/q23.result
tpc-ds,q23,1,5,16,"HASH JOIN (BROADCAST, INNER, eq: [ss_customer_sk = c_customer_sk])",3050652,238.9ms,0.2389,60.0MB,2,/Users/harbor/.codex/worktrees/4f87/NovaRocks/logs/baseline/20260622-231416-tpc-baseline/plans/analyze/tpc-ds/q23.result
tpc-ds,q23,2,1,69,"HASH JOIN (BROADCAST, INNER, eq: [ws_bill_customer_sk = c_customer_sk])",1019119,551.3ms,0.5513,68.0MB,8,/Users/harbor/.codex/worktrees/4f87/NovaRocks/logs/baseline/20260622-231416-tpc-baseline/plans/analyze/tpc-ds/q23.result
tpc-ds,q23,2,2,17,"HASH AGGREGATE (LOCAL, group by: [c_customer_sk])",2936196,475.7ms,0.4757,17.5MB,0,/Users/harbor/.codex/worktrees/4f87/NovaRocks/logs/baseline/20260622-231416-tpc-baseline/plans/analyze/tpc-ds/q23.result
tpc-ds,q23,2,3,46,"HASH JOIN (BROADCAST, INNER, eq: [cs_bill_customer_sk = c_customer_sk])",1730939,453.8ms,0.4538,67.1MB,8,/Users/harbor/.codex/worktrees/4f87/NovaRocks/logs/baseline/20260622-231416-tpc-baseline/plans/analyze/tpc-ds/q23.result
tpc-ds,q23,2,4,24,"HASH JOIN (BROADCAST, INNER, eq: [ss_customer_sk = c_customer_sk])",2985453,417.0ms,0.417,61.4MB,4,/Users/harbor/.codex/worktrees/4f87/NovaRocks/logs/baseline/20260622-231416-tpc-baseline/plans/analyze/tpc-ds/q23.result
tpc-ds,q23,2,5,28,"HASH AGGREGATE (LOCAL, group by: [c_customer_sk])",1734285,382.2ms,0.3822,12.6MB,0,/Users/harbor/.codex/worktrees/4f87/NovaRocks/logs/baseline/20260622-231416-tpc-baseline/plans/analyze/tpc-ds/q23.result
tpc-ds,q24,1,1,12,"HASH JOIN (BROADCAST, INNER, eq: [ss_customer_sk = c_customer_sk, ss_store_sk = s_store_sk])",1293,23.5ms,0.0235,10.1MB,0,/Users/harbor/.codex/worktrees/4f87/NovaRocks/logs/baseline/20260622-231416-tpc-baseline/plans/analyze/tpc-ds/q24.result
tpc-ds,q24,1,2,10,"HASH JOIN (BROADCAST, INNER, eq: [c_current_addr_sk = ca_address_sk])",616,12.5ms,0.0125,2.8MB,0,/Users/harbor/.codex/worktrees/4f87/NovaRocks/logs/baseline/20260622-231416-tpc-baseline/plans/analyze/tpc-ds/q24.result
tpc-ds,q24,1,3,14,"HASH JOIN (BROADCAST, INNER, eq: [sr_ticket_number = ss_ticket_number, sr_item_sk = ss_item_sk])",1914,10.8ms,0.0108,6.2MB,0,/Users/harbor/.codex/worktrees/4f87/NovaRocks/logs/baseline/20260622-231416-tpc-baseline/plans/analyze/tpc-ds/q24.result
tpc-ds,q24,1,4,13,GATHER,1845,5.4ms,0.0054,0B,2,/Users/harbor/.codex/worktrees/4f87/NovaRocks/logs/baseline/20260622-231416-tpc-baseline/plans/analyze/tpc-ds/q24.result
tpc-ds,q24,1,5,17,"HASH AGGREGATE (LOCAL, group by: [c_last_name, c_first_name, s_store_name, ca_state, s_state, i_color, i_current_price, i_manager_id, i_units, i_size])",138,954.6us,0.0009546,1.4MB,0,/Users/harbor/.codex/worktrees/4f87/NovaRocks/logs/baseline/20260622-231416-tpc-baseline/plans/analyze/tpc-ds/q24.result
tpc-ds,q24,2,1,10,"HASH JOIN (BROADCAST, INNER, eq: [c_current_addr_sk = ca_address_sk])",616,36.0ms,0.036,2.2MB,0,/Users/harbor/.codex/worktrees/4f87/NovaRocks/logs/baseline/20260622-231416-tpc-baseline/plans/analyze/tpc-ds/q24.result
tpc-ds,q24,2,2,12,"HASH JOIN (BROADCAST, INNER, eq: [ss_customer_sk = c_customer_sk, ss_store_sk = s_store_sk])",1293,30.0ms,0.03,10.0MB,0,/Users/harbor/.codex/worktrees/4f87/NovaRocks/logs/baseline/20260622-231416-tpc-baseline/plans/analyze/tpc-ds/q24.result
tpc-ds,q24,2,3,6,SCAN tpcds.store,3,5.6ms,0.0056,3.3KB,0,/Users/harbor/.codex/worktrees/4f87/NovaRocks/logs/baseline/20260622-231416-tpc-baseline/plans/analyze/tpc-ds/q24.result
tpc-ds,q24,2,4,3,SCAN tpcds.store_sales,460155,4.7ms,0.0047,0B,2,/Users/harbor/.codex/worktrees/4f87/NovaRocks/logs/baseline/20260622-231416-tpc-baseline/plans/analyze/tpc-ds/q24.result
tpc-ds,q24,2,5,13,GATHER,1845,2.5ms,0.0025,0B,2,/Users/harbor/.codex/worktrees/4f87/NovaRocks/logs/baseline/20260622-231416-tpc-baseline/plans/analyze/tpc-ds/q24.result
tpc-ds,q25,1,1,15,"HASH JOIN (PARTITIONED, INNER, eq: [ss_customer_sk = sr_customer_sk, ss_item_sk = sr_item_sk, ss_ticket_number = sr_ticket_number])",52817,71.7ms,0.0717,34.2MB,0,/Users/harbor/.codex/worktrees/4f87/NovaRocks/logs/baseline/20260622-231416-tpc-baseline/plans/analyze/tpc-ds/q25.result
tpc-ds,q25,1,2,13,"HASH JOIN (BROADCAST, INNER, eq: [sr_returned_date_sk = d2.d_date_sk])",26133,34.8ms,0.0348,5.6MB,0,/Users/harbor/.codex/worktrees/4f87/NovaRocks/logs/baseline/20260622-231416-tpc-baseline/plans/analyze/tpc-ds/q25.result
tpc-ds,q25,1,3,16,GATHER,5763,10.9ms,0.0109,0B,2,/Users/harbor/.codex/worktrees/4f87/NovaRocks/logs/baseline/20260622-231416-tpc-baseline/plans/analyze/tpc-ds/q25.result
tpc-ds,q25,1,4,17,"HASH JOIN (BROADCAST, INNER, eq: [cs_bill_customer_sk = sr_customer_sk, cs_item_sk = sr_item_sk])",5765,9.5ms,0.0095,25.0MB,0,/Users/harbor/.codex/worktrees/4f87/NovaRocks/logs/baseline/20260622-231416-tpc-baseline/plans/analyze/tpc-ds/q25.result
tpc-ds,q25,1,5,8,"HASH JOIN (BROADCAST, INNER, eq: [ss_sold_date_sk = d1.d_date_sk])",25495,6.4ms,0.0064,9.0MB,0,/Users/harbor/.codex/worktrees/4f87/NovaRocks/logs/baseline/20260622-231416-tpc-baseline/plans/analyze/tpc-ds/q25.result
tpc-ds,q26,1,1,13,"HASH JOIN (BROADCAST, INNER, eq: [cs_item_sk = i_item_sk])",58032,26.6ms,0.0266,12.3MB,2,/Users/harbor/.codex/worktrees/4f87/NovaRocks/logs/baseline/20260622-231416-tpc-baseline/plans/analyze/tpc-ds/q26.result
tpc-ds,q26,1,2,4,"HASH JOIN (BROADCAST, INNER, eq: [cs_bill_cdemo_sk = cd_demo_sk])",102541,26.6ms,0.0266,25.0MB,8,/Users/harbor/.codex/worktrees/4f87/NovaRocks/logs/baseline/20260622-231416-tpc-baseline/plans/analyze/tpc-ds/q26.result
tpc-ds,q26,1,3,14,"HASH AGGREGATE (LOCAL, group by: [i_item_id])",7706,17.2ms,0.0172,2.2MB,0,/Users/harbor/.codex/worktrees/4f87/NovaRocks/logs/baseline/20260622-231416-tpc-baseline/plans/analyze/tpc-ds/q26.result
tpc-ds,q26,1,4,2,SCAN tpcds.customer_demographics,27440,2.5ms,0.0025,4.1MB,0,/Users/harbor/.codex/worktrees/4f87/NovaRocks/logs/baseline/20260622-231416-tpc-baseline/plans/analyze/tpc-ds/q26.result
tpc-ds,q26,1,5,10,"HASH JOIN (BROADCAST, INNER, eq: [cs_promo_sk = p_promo_sk])",4929,2.0ms,0.002,367.7KB,4,/Users/harbor/.codex/worktrees/4f87/NovaRocks/logs/baseline/20260622-231416-tpc-baseline/plans/analyze/tpc-ds/q26.result
tpc-ds,q27,1,1,14,"PROJECT [i_item_id, s_state, ss_quantity, ss_list_price, ss_coupon_amt, ss_sales_price, i_item_id AS __repeat_group_key_0, s_state AS __repeat_group_key_1]",7426,71.7ms,0.0717,26.5KB,4,/Users/harbor/.codex/worktrees/4f87/NovaRocks/logs/baseline/20260622-231416-tpc-baseline/plans/analyze/tpc-ds/q27.result
tpc-ds,q27,1,2,4,"HASH JOIN (BROADCAST, INNER, eq: [ss_cdemo_sk = cd_demo_sk])",120342,47.4ms,0.0474,24.7MB,12,/Users/harbor/.codex/worktrees/4f87/NovaRocks/logs/baseline/20260622-231416-tpc-baseline/plans/analyze/tpc-ds/q27.result
tpc-ds,q27,1,3,16,"HASH AGGREGATE (LOCAL, group by: [i_item_id, s_state, __grouping_fn_0])",35253,24.3ms,0.0243,4.5MB,0,/Users/harbor/.codex/worktrees/4f87/NovaRocks/logs/baseline/20260622-231416-tpc-baseline/plans/analyze/tpc-ds/q27.result
tpc-ds,q27,1,4,1,SCAN tpcds.store_sales,2652962,12.7ms,0.0127,0B,14,/Users/harbor/.codex/worktrees/4f87/NovaRocks/logs/baseline/20260622-231416-tpc-baseline/plans/analyze/tpc-ds/q27.result
tpc-ds,q27,1,5,10,"HASH JOIN (BROADCAST, INNER, eq: [ss_item_sk = i_item_sk])",61426,9.5ms,0.0095,12.3MB,8,/Users/harbor/.codex/worktrees/4f87/NovaRocks/logs/baseline/20260622-231416-tpc-baseline/plans/analyze/tpc-ds/q27.result
tpc-ds,q28,1,1,11,"HASH AGGREGATE (LOCAL, group by: [ss_list_price])",51185,6.3ms,0.0063,2.1MB,0,/Users/harbor/.codex/worktrees/4f87/NovaRocks/logs/baseline/20260622-231416-tpc-baseline/plans/analyze/tpc-ds/q28.result
tpc-ds,q28,1,2,21,"HASH AGGREGATE (LOCAL, group by: [ss_list_price])",46362,5.5ms,0.0055,2.9MB,0,/Users/harbor/.codex/worktrees/4f87/NovaRocks/logs/baseline/20260622-231416-tpc-baseline/plans/analyze/tpc-ds/q28.result
tpc-ds,q28,1,3,2,"HASH AGGREGATE (LOCAL, group by: [ss_list_price])",55624,5.5ms,0.0055,3.0MB,0,/Users/harbor/.codex/worktrees/4f87/NovaRocks/logs/baseline/20260622-231416-tpc-baseline/plans/analyze/tpc-ds/q28.result
tpc-ds,q28,1,4,51,"HASH AGGREGATE (LOCAL, group by: [ss_list_price])",42489,5.3ms,0.0053,1.8MB,0,/Users/harbor/.codex/worktrees/4f87/NovaRocks/logs/baseline/20260622-231416-tpc-baseline/plans/analyze/tpc-ds/q28.result
tpc-ds,q28,1,5,41,"HASH AGGREGATE (LOCAL, group by: [ss_list_price])",53834,4.9ms,0.0049,2.9MB,0,/Users/harbor/.codex/worktrees/4f87/NovaRocks/logs/baseline/20260622-231416-tpc-baseline/plans/analyze/tpc-ds/q28.result
tpc-ds,q29,1,1,14,"HASH JOIN (BROADCAST, INNER, eq: [ss_customer_sk = sr_customer_sk, ss_item_sk = sr_item_sk, ss_ticket_number = sr_ticket_number])",55039,81.5ms,0.0815,23.4MB,0,/Users/harbor/.codex/worktrees/4f87/NovaRocks/logs/baseline/20260622-231416-tpc-baseline/plans/analyze/tpc-ds/q29.result
tpc-ds,q29,1,2,16,"HASH JOIN (BROADCAST, INNER, eq: [cs_bill_customer_sk = sr_customer_sk, cs_item_sk = sr_item_sk])",7403,38.6ms,0.0386,16.9MB,0,/Users/harbor/.codex/worktrees/4f87/NovaRocks/logs/baseline/20260622-231416-tpc-baseline/plans/analyze/tpc-ds/q29.result
tpc-ds,q29,1,3,4,SCAN tpcds.catalog_sales,386404,11.7ms,0.0117,0B,2,/Users/harbor/.codex/worktrees/4f87/NovaRocks/logs/baseline/20260622-231416-tpc-baseline/plans/analyze/tpc-ds/q29.result
tpc-ds,q29,1,4,8,"HASH JOIN (BROADCAST, INNER, eq: [ss_sold_date_sk = d1.d_date_sk])",50859,9.1ms,0.0091,3.9MB,2,/Users/harbor/.codex/worktrees/4f87/NovaRocks/logs/baseline/20260622-231416-tpc-baseline/plans/analyze/tpc-ds/q29.result
tpc-ds,q29,1,5,6,SCAN tpcds.date_dim (alias=d1),30,6.6ms,0.0066,22.5KB,0,/Users/harbor/.codex/worktrees/4f87/NovaRocks/logs/baseline/20260622-231416-tpc-baseline/plans/analyze/tpc-ds/q29.result
tpc-ds,q3,1,1,4,"HASH JOIN (BROADCAST, INNER, eq: [store_sales.ss_sold_date_sk = dt.d_date_sk])",456190,18.2ms,0.0182,12.4MB,4,/Users/harbor/.codex/worktrees/4f87/NovaRocks/logs/baseline/20260622-231416-tpc-baseline/plans/analyze/tpc-ds/q3.result
tpc-ds,q3,1,2,8,"HASH AGGREGATE (LOCAL, group by: [dt.d_year, brand, brand_id])",1210,3.2ms,0.0032,1.7MB,0,/Users/harbor/.codex/worktrees/4f87/NovaRocks/logs/baseline/20260622-231416-tpc-baseline/plans/analyze/tpc-ds/q3.result
tpc-ds,q3,1,3,1,SCAN tpcds.store_sales,2750311,3.1ms,0.0031,0B,6,/Users/harbor/.codex/worktrees/4f87/NovaRocks/logs/baseline/20260622-231416-tpc-baseline/plans/analyze/tpc-ds/q3.result
tpc-ds,q3,1,4,7,"HASH JOIN (BROADCAST, INNER, eq: [store_sales.ss_item_sk = item.i_item_sk])",1092,2.5ms,0.0025,9.0MB,2,/Users/harbor/.codex/worktrees/4f87/NovaRocks/logs/baseline/20260622-231416-tpc-baseline/plans/analyze/tpc-ds/q3.result
tpc-ds,q3,1,5,12,MERGING-EXCHANGE,267,776.2us,0.0007762,8.5KB,2,/Users/harbor/.codex/worktrees/4f87/NovaRocks/logs/baseline/20260622-231416-tpc-baseline/plans/analyze/tpc-ds/q3.result
tpc-ds,q30,1,1,51,"HASH JOIN (BROADCAST, INNER, eq: [ca_address_sk = c_current_addr_sk, ctr1.ctr_customer_sk = c_customer_sk])",100643,402.4ms,0.4024,35.1MB,10,/Users/harbor/.codex/worktrees/4f87/NovaRocks/logs/baseline/20260622-231416-tpc-baseline/plans/analyze/tpc-ds/q30.result
tpc-ds,q30,1,2,48,NEST LOOP JOIN (CROSS),32584252,213.3ms,0.2133,539.6KB,12,/Users/harbor/.codex/worktrees/4f87/NovaRocks/logs/baseline/20260622-231416-tpc-baseline/plans/analyze/tpc-ds/q30.result
tpc-ds,q30,1,3,60,"TOP-N (limit=100) [c_customer_id ASC NULLS FIRST, c_salutation ASC NULLS FIRST, c_first_name ASC NULLS FIRST, c_last_name ASC NULLS FIRST, c_preferred_cust_flag ASC NULLS FIRST, c_birth_day ASC NULLS FIRST, c_birth_month ASC NULLS FIRST, c_birth_year ASC NULLS FIRST, c_birth_country ASC NULLS FIRST, c_login ASC NULLS FIRST, c_email_address ASC NULLS FIRST, c_last_review_date ASC NULLS FIRST, ctr1.ctr_total_return ASC NULLS FIRST]",262,14.8ms,0.0148,57.0KB,4,/Users/harbor/.codex/worktrees/4f87/NovaRocks/logs/baseline/20260622-231416-tpc-baseline/plans/analyze/tpc-ds/q30.result
tpc-ds,q30,1,4,8,"HASH AGGREGATE (LOCAL, group by: [ctr_customer_sk, ca_state])",26905,5.0ms,0.005,2.2MB,0,/Users/harbor/.codex/worktrees/4f87/NovaRocks/logs/baseline/20260622-231416-tpc-baseline/plans/analyze/tpc-ds/q30.result
tpc-ds,q30,1,5,7,"HASH JOIN (BROADCAST, INNER, eq: [ca_address_sk = wr_returning_addr_sk])",54068,4.0ms,0.004,16.8MB,2,/Users/harbor/.codex/worktrees/4f87/NovaRocks/logs/baseline/20260622-231416-tpc-baseline/plans/analyze/tpc-ds/q30.result
tpc-ds,q31,1,1,15,"HASH JOIN (BROADCAST, INNER, eq: [ws_sold_date_sk = d_date_sk])",938265,301.1ms,0.3011,49.3MB,4,/Users/harbor/.codex/worktrees/4f87/NovaRocks/logs/baseline/20260622-231416-tpc-baseline/plans/analyze/tpc-ds/q31.result
tpc-ds,q31,1,2,4,"HASH JOIN (BROADCAST, INNER, eq: [ss_sold_date_sk = d_date_sk])",2904420,269.2ms,0.2692,49.0MB,4,/Users/harbor/.codex/worktrees/4f87/NovaRocks/logs/baseline/20260622-231416-tpc-baseline/plans/analyze/tpc-ds/q31.result
tpc-ds,q31,1,3,8,"HASH AGGREGATE (LOCAL, group by: [ca_county, d_qoy, d_year])",2761091,228.6ms,0.2286,16.6MB,0,/Users/harbor/.codex/worktrees/4f87/NovaRocks/logs/baseline/20260622-231416-tpc-baseline/plans/analyze/tpc-ds/q31.result
tpc-ds,q31,1,4,7,"HASH JOIN (BROADCAST, INNER, eq: [ss_addr_sk = ca_address_sk])",2835273,137.7ms,0.1377,44.9MB,2,/Users/harbor/.codex/worktrees/4f87/NovaRocks/logs/baseline/20260622-231416-tpc-baseline/plans/analyze/tpc-ds/q31.result
tpc-ds,q31,1,5,18,"HASH JOIN (BROADCAST, INNER, eq: [ws_bill_addr_sk = ca_address_sk])",869118,75.3ms,0.0753,40.9MB,2,/Users/harbor/.codex/worktrees/4f87/NovaRocks/logs/baseline/20260622-231416-tpc-baseline/plans/analyze/tpc-ds/q31.result
tpc-ds,q32,1,1,5,"HASH JOIN (BROADCAST, INNER, eq: [cs_item_sk = i_item_sk])",405,20.2ms,0.0202,7.9MB,0,/Users/harbor/.codex/worktrees/4f87/NovaRocks/logs/baseline/20260622-231416-tpc-baseline/plans/analyze/tpc-ds/q32.result
tpc-ds,q32,1,2,12,"HASH JOIN (BROADCAST, INNER, eq: [catalog_sales.cs_sold_date_sk = date_dim.d_date_sk])",42221,4.8ms,0.0048,6.3MB,2,/Users/harbor/.codex/worktrees/4f87/NovaRocks/logs/baseline/20260622-231416-tpc-baseline/plans/analyze/tpc-ds/q32.result
tpc-ds,q32,1,3,9,SCAN tpcds.catalog_sales,1434368,1.4ms,0.0014,0B,4,/Users/harbor/.codex/worktrees/4f87/NovaRocks/logs/baseline/20260622-231416-tpc-baseline/plans/analyze/tpc-ds/q32.result
tpc-ds,q32,1,4,13,"HASH AGGREGATE (LOCAL, group by: [cs_item_sk])",58144,1.1ms,0.0011,6.2MB,0,/Users/harbor/.codex/worktrees/4f87/NovaRocks/logs/baseline/20260622-231416-tpc-baseline/plans/analyze/tpc-ds/q32.result
tpc-ds,q32,1,5,7,"HASH JOIN (BROADCAST, INNER, eq: [d_date_sk = cs_sold_date_sk])",1191,947.0us,0.000947,1.5MB,0,/Users/harbor/.codex/worktrees/4f87/NovaRocks/logs/baseline/20260622-231416-tpc-baseline/plans/analyze/tpc-ds/q32.result
tpc-ds,q33,1,1,7,"HASH JOIN (BROADCAST, INNER, eq: [ss_addr_sk = ca_address_sk])",64812,79.5ms,0.0795,14.6MB,0,/Users/harbor/.codex/worktrees/4f87/NovaRocks/logs/baseline/20260622-231416-tpc-baseline/plans/analyze/tpc-ds/q33.result
tpc-ds,q33,1,2,28,"HASH JOIN (BROADCAST, INNER, eq: [cs_bill_addr_sk = ca_address_sk])",59773,75.0ms,0.075,16.3MB,0,/Users/harbor/.codex/worktrees/4f87/NovaRocks/logs/baseline/20260622-231416-tpc-baseline/plans/analyze/tpc-ds/q33.result
tpc-ds,q33,1,3,59,"HASH AGGREGATE (LOCAL, group by: [i_manufact_id])",3629,70.1ms,0.0701,931.6KB,0,/Users/harbor/.codex/worktrees/4f87/NovaRocks/logs/baseline/20260622-231416-tpc-baseline/plans/analyze/tpc-ds/q33.result
tpc-ds,q33,1,4,58,"HASH JOIN (BROADCAST, LEFT SEMI, eq: [i_manufact_id = item.i_manufact_id])",7814,68.7ms,0.0687,219.4KB,2,/Users/harbor/.codex/worktrees/4f87/NovaRocks/logs/baseline/20260622-231416-tpc-baseline/plans/analyze/tpc-ds/q33.result
tpc-ds,q33,1,5,16,"HASH AGGREGATE (LOCAL, group by: [i_manufact_id])",10651,49.7ms,0.0497,978.9KB,0,/Users/harbor/.codex/worktrees/4f87/NovaRocks/logs/baseline/20260622-231416-tpc-baseline/plans/analyze/tpc-ds/q33.result
tpc-ds,q34,1,1,8,"HASH JOIN (BROADCAST, INNER, eq: [store_sales.ss_store_sk = store.s_store_sk])",362917,52.7ms,0.0527,11.1MB,4,/Users/harbor/.codex/worktrees/4f87/NovaRocks/logs/baseline/20260622-231416-tpc-baseline/plans/analyze/tpc-ds/q34.result
tpc-ds,q34,1,2,11,"HASH JOIN (BROADCAST, INNER, eq: [store_sales.ss_hdemo_sk = household_demographics.hd_demo_sk])",56264,45.7ms,0.0457,17.7MB,2,/Users/harbor/.codex/worktrees/4f87/NovaRocks/logs/baseline/20260622-231416-tpc-baseline/plans/analyze/tpc-ds/q34.result
tpc-ds,q34,1,3,12,"HASH AGGREGATE (LOCAL, group by: [ss_ticket_number, ss_customer_sk])",58460,43.6ms,0.0436,4.2MB,0,/Users/harbor/.codex/worktrees/4f87/NovaRocks/logs/baseline/20260622-231416-tpc-baseline/plans/analyze/tpc-ds/q34.result
tpc-ds,q34,1,4,5,"HASH JOIN (BROADCAST, INNER, eq: [store_sales.ss_sold_date_sk = date_dim.d_date_sk])",363637,32.1ms,0.0321,7.3MB,6,/Users/harbor/.codex/worktrees/4f87/NovaRocks/logs/baseline/20260622-231416-tpc-baseline/plans/analyze/tpc-ds/q34.result
tpc-ds,q34,1,5,2,SCAN tpcds.store_sales,2653156,20.2ms,0.0202,0B,8,/Users/harbor/.codex/worktrees/4f87/NovaRocks/logs/baseline/20260622-231416-tpc-baseline/plans/analyze/tpc-ds/q34.result
tpc-ds,q35,1,1,31,"HASH JOIN (BROADCAST, LEFT SEMI, eq: [c.c_customer_sk = x.customsk])",718110,254.3ms,0.2543,15.3MB,2,/Users/harbor/.codex/worktrees/4f87/NovaRocks/logs/baseline/20260622-231416-tpc-baseline/plans/analyze/tpc-ds/q35.result
tpc-ds,q35,1,2,15,"HASH JOIN (BROADCAST, LEFT SEMI, eq: [c.c_customer_sk = store_sales.ss_customer_sk])",921081,233.3ms,0.2333,25.3MB,4,/Users/harbor/.codex/worktrees/4f87/NovaRocks/logs/baseline/20260622-231416-tpc-baseline/plans/analyze/tpc-ds/q35.result
tpc-ds,q35,1,3,8,"HASH JOIN (PARTITIONED, INNER, eq: [cd_demo_sk = c.c_current_cdemo_sk])",2113924,173.3ms,0.1733,41.9MB,6,/Users/harbor/.codex/worktrees/4f87/NovaRocks/logs/baseline/20260622-231416-tpc-baseline/plans/analyze/tpc-ds/q35.result
tpc-ds,q35,1,4,6,"HASH JOIN (BROADCAST, INNER, eq: [c.c_current_addr_sk = ca.ca_address_sk])",246562,131.4ms,0.1314,44.1MB,0,/Users/harbor/.codex/worktrees/4f87/NovaRocks/logs/baseline/20260622-231416-tpc-baseline/plans/analyze/tpc-ds/q35.result
tpc-ds,q35,1,5,12,"HASH JOIN (BROADCAST, INNER, eq: [store_sales.ss_sold_date_sk = date_dim.d_date_sk])",300281,63.9ms,0.0639,6.3MB,2,/Users/harbor/.codex/worktrees/4f87/NovaRocks/logs/baseline/20260622-231416-tpc-baseline/plans/analyze/tpc-ds/q35.result
tpc-ds,q36,1,1,13,"HASH AGGREGATE (LOCAL, group by: [i_category, i_class, __grouping_fn_0, __grouping_fn_1, __grouping_fn_2, __grouping_fn_3, __grouping_fn_4])",1601031,36.1ms,0.0361,3.6MB,0,/Users/harbor/.codex/worktrees/4f87/NovaRocks/logs/baseline/20260622-231416-tpc-baseline/plans/analyze/tpc-ds/q36.result
tpc-ds,q36,1,2,4,"HASH JOIN (BROADCAST, INNER, eq: [ss_sold_date_sk = d1.d_date_sk])",534639,17.6ms,0.0176,7.0MB,10,/Users/harbor/.codex/worktrees/4f87/NovaRocks/logs/baseline/20260622-231416-tpc-baseline/plans/analyze/tpc-ds/q36.result
tpc-ds,q36,1,3,7,"HASH JOIN (BROADCAST, INNER, eq: [ss_item_sk = i_item_sk])",587544,14.0ms,0.014,18.3MB,8,/Users/harbor/.codex/worktrees/4f87/NovaRocks/logs/baseline/20260622-231416-tpc-baseline/plans/analyze/tpc-ds/q36.result
tpc-ds,q36,1,4,1,SCAN tpcds.store_sales,2685687,13.2ms,0.0132,0B,12,/Users/harbor/.codex/worktrees/4f87/NovaRocks/logs/baseline/20260622-231416-tpc-baseline/plans/analyze/tpc-ds/q36.result
tpc-ds,q36,1,5,11,"PROJECT [i_category, i_class, ss_net_profit, ss_ext_sales_price, i_category AS __repeat_group_key_0, i_class AS __repeat_group_key_1]",533544,11.3ms,0.0113,3.6MB,4,/Users/harbor/.codex/worktrees/4f87/NovaRocks/logs/baseline/20260622-231416-tpc-baseline/plans/analyze/tpc-ds/q36.result
tpc-ds,q37,1,1,11,"HASH AGGREGATE (LOCAL, group by: [i_item_id, i_item_desc, i_current_price])",2369,8.8ms,0.0088,484.5KB,0,/Users/harbor/.codex/worktrees/4f87/NovaRocks/logs/baseline/20260622-231416-tpc-baseline/plans/analyze/tpc-ds/q37.result
tpc-ds,q37,1,2,10,"HASH JOIN (BROADCAST, INNER, eq: [cs_item_sk = i_item_sk])",2408,8.5ms,0.0085,7.4MB,2,/Users/harbor/.codex/worktrees/4f87/NovaRocks/logs/baseline/20260622-231416-tpc-baseline/plans/analyze/tpc-ds/q37.result
tpc-ds,q37,1,3,5,GATHER,6,4.7ms,0.0047,0B,2,/Users/harbor/.codex/worktrees/4f87/NovaRocks/logs/baseline/20260622-231416-tpc-baseline/plans/analyze/tpc-ds/q37.result
tpc-ds,q37,1,4,6,"HASH JOIN (BROADCAST, INNER, eq: [inv_item_sk = i_item_sk])",740,4.0ms,0.004,3.5MB,0,/Users/harbor/.codex/worktrees/4f87/NovaRocks/logs/baseline/20260622-231416-tpc-baseline/plans/analyze/tpc-ds/q37.result
tpc-ds,q37,1,5,3,SCAN tpcds.inventory,68971,3.1ms,0.0031,0B,2,/Users/harbor/.codex/worktrees/4f87/NovaRocks/logs/baseline/20260622-231416-tpc-baseline/plans/analyze/tpc-ds/q37.result
tpc-ds,q38,1,1,30,"HASH JOIN (BROADCAST, INNER, eq: [web_sales.ws_bill_customer_sk = customer.c_customer_sk])",442164,170.1ms,0.1701,69.2MB,4,/Users/harbor/.codex/worktrees/4f87/NovaRocks/logs/baseline/20260622-231416-tpc-baseline/plans/analyze/tpc-ds/q38.result
tpc-ds,q38,1,2,7,"HASH JOIN (BROADCAST, INNER, eq: [store_sales.ss_customer_sk = customer.c_customer_sk])",840806,151.4ms,0.1514,67.7MB,4,/Users/harbor/.codex/worktrees/4f87/NovaRocks/logs/baseline/20260622-231416-tpc-baseline/plans/analyze/tpc-ds/q38.result
tpc-ds,q38,1,3,18,"HASH JOIN (BROADCAST, INNER, eq: [catalog_sales.cs_bill_customer_sk = customer.c_customer_sk])",586844,110.8ms,0.1108,67.9MB,4,/Users/harbor/.codex/worktrees/4f87/NovaRocks/logs/baseline/20260622-231416-tpc-baseline/plans/analyze/tpc-ds/q38.result
tpc-ds,q38,1,4,4,"HASH JOIN (BROADCAST, INNER, eq: [store_sales.ss_sold_date_sk = date_dim.d_date_sk])",541904,77.2ms,0.0772,6.3MB,6,/Users/harbor/.codex/worktrees/4f87/NovaRocks/logs/baseline/20260622-231416-tpc-baseline/plans/analyze/tpc-ds/q38.result
tpc-ds,q38,1,5,32,"HASH AGGREGATE (LOCAL, group by: [c_last_name, c_first_name, d_date])",154357,62.8ms,0.0628,2.2MB,0,/Users/harbor/.codex/worktrees/4f87/NovaRocks/logs/baseline/20260622-231416-tpc-baseline/plans/analyze/tpc-ds/q38.result
tpc-ds,q39,1,1,12,"HASH AGGREGATE (SINGLE, group by: [w_warehouse_name, w_warehouse_sk, i_item_sk, d_moy])",2763086,170.5ms,0.1705,306.6MB,8,/Users/harbor/.codex/worktrees/4f87/NovaRocks/logs/baseline/20260622-231416-tpc-baseline/plans/analyze/tpc-ds/q39.result
tpc-ds,q39,1,2,4,"HASH JOIN (BROADCAST, INNER, eq: [inv_item_sk = i_item_sk])",2394000,48.4ms,0.0484,14.1MB,4,/Users/harbor/.codex/worktrees/4f87/NovaRocks/logs/baseline/20260622-231416-tpc-baseline/plans/analyze/tpc-ds/q39.result
tpc-ds,q39,1,3,10,"HASH JOIN (BROADCAST, INNER, eq: [inv_date_sk = d_date_sk])",2341095,42.7ms,0.0427,157.2MB,0,/Users/harbor/.codex/worktrees/4f87/NovaRocks/logs/baseline/20260622-231416-tpc-baseline/plans/analyze/tpc-ds/q39.result
tpc-ds,q39,1,4,7,"HASH JOIN (BROADCAST, INNER, eq: [inv_warehouse_sk = w_warehouse_sk])",2340015,31.7ms,0.0317,3.6MB,2,/Users/harbor/.codex/worktrees/4f87/NovaRocks/logs/baseline/20260622-231416-tpc-baseline/plans/analyze/tpc-ds/q39.result
tpc-ds,q39,1,5,1,SCAN tpcds.inventory,2340000,3.9ms,0.0039,0B,6,/Users/harbor/.codex/worktrees/4f87/NovaRocks/logs/baseline/20260622-231416-tpc-baseline/plans/analyze/tpc-ds/q39.result
tpc-ds,q39,2,1,12,"HASH AGGREGATE (SINGLE, group by: [w_warehouse_name, w_warehouse_sk, i_item_sk, d_moy])",2848202,166.9ms,0.1669,316.2MB,8,/Users/harbor/.codex/worktrees/4f87/NovaRocks/logs/baseline/20260622-231416-tpc-baseline/plans/analyze/tpc-ds/q39.result
tpc-ds,q39,2,2,10,"HASH JOIN (BROADCAST, INNER, eq: [inv_date_sk = d_date_sk])",2341095,42.1ms,0.0421,173.9MB,0,/Users/harbor/.codex/worktrees/4f87/NovaRocks/logs/baseline/20260622-231416-tpc-baseline/plans/analyze/tpc-ds/q39.result
tpc-ds,q39,2,3,4,"HASH JOIN (BROADCAST, INNER, eq: [inv_item_sk = i_item_sk])",2394000,41.2ms,0.0412,14.0MB,4,/Users/harbor/.codex/worktrees/4f87/NovaRocks/logs/baseline/20260622-231416-tpc-baseline/plans/analyze/tpc-ds/q39.result
tpc-ds,q39,2,4,7,"HASH JOIN (BROADCAST, INNER, eq: [inv_warehouse_sk = w_warehouse_sk])",2340015,29.2ms,0.0292,3.6MB,2,/Users/harbor/.codex/worktrees/4f87/NovaRocks/logs/baseline/20260622-231416-tpc-baseline/plans/analyze/tpc-ds/q39.result
tpc-ds,q39,2,5,1,SCAN tpcds.inventory,2340000,3.1ms,0.0031,0B,6,/Users/harbor/.codex/worktrees/4f87/NovaRocks/logs/baseline/20260622-231416-tpc-baseline/plans/analyze/tpc-ds/q39.result
tpc-ds,q4,1,1,8,"HASH AGGREGATE (LOCAL, group by: [customer_id, customer_first_name, customer_last_name, customer_preferred_cust_flag, customer_birth_country, customer_login, customer_email_address, dyear])",2914236,770.5ms,0.7705,95.7MB,0,/Users/harbor/.codex/worktrees/4f87/NovaRocks/logs/baseline/20260622-231416-tpc-baseline/plans/analyze/tpc-ds/q4.result
tpc-ds,q4,1,2,19,"HASH AGGREGATE (LOCAL, group by: [customer_id, customer_first_name, customer_last_name, customer_preferred_cust_flag, customer_birth_country, customer_login, customer_email_address, dyear])",1587658,590.2ms,0.5902,65.2MB,0,/Users/harbor/.codex/worktrees/4f87/NovaRocks/logs/baseline/20260622-231416-tpc-baseline/plans/analyze/tpc-ds/q4.result
tpc-ds,q4,1,3,4,"HASH JOIN (BROADCAST, INNER, eq: [ss_customer_sk = c_customer_sk])",2985453,278.7ms,0.2787,90.7MB,4,/Users/harbor/.codex/worktrees/4f87/NovaRocks/logs/baseline/20260622-231416-tpc-baseline/plans/analyze/tpc-ds/q4.result
tpc-ds,q4,1,4,31,"HASH AGGREGATE (LOCAL, group by: [customer_id, customer_first_name, customer_last_name, customer_preferred_cust_flag, customer_birth_country, customer_login, customer_email_address, dyear])",780282,242.9ms,0.2429,28.7MB,0,/Users/harbor/.codex/worktrees/4f87/NovaRocks/logs/baseline/20260622-231416-tpc-baseline/plans/analyze/tpc-ds/q4.result
tpc-ds,q4,1,5,7,"HASH JOIN (BROADCAST, INNER, eq: [ss_sold_date_sk = d_date_sk])",2904600,217.3ms,0.2173,44.1MB,2,/Users/harbor/.codex/worktrees/4f87/NovaRocks/logs/baseline/20260622-231416-tpc-baseline/plans/analyze/tpc-ds/q4.result
tpc-ds,q40,1,1,4,"HASH JOIN (BROADCAST, LEFT OUTER, eq: [cs_order_number = cr_order_number, cs_item_sk = cr_item_sk])",1862992,138.6ms,0.1386,94.6MB,10,/Users/harbor/.codex/worktrees/4f87/NovaRocks/logs/baseline/20260622-231416-tpc-baseline/plans/analyze/tpc-ds/q40.result
tpc-ds,q40,1,2,7,"HASH JOIN (BROADCAST, INNER, eq: [cs_warehouse_sk = w_warehouse_sk])",1430806,25.7ms,0.0257,7.3MB,8,/Users/harbor/.codex/worktrees/4f87/NovaRocks/logs/baseline/20260622-231416-tpc-baseline/plans/analyze/tpc-ds/q40.result
tpc-ds,q40,1,3,10,"HASH JOIN (BROADCAST, INNER, eq: [cs_item_sk = i_item_sk])",91827,15.5ms,0.0155,13.0MB,6,/Users/harbor/.codex/worktrees/4f87/NovaRocks/logs/baseline/20260622-231416-tpc-baseline/plans/analyze/tpc-ds/q40.result
tpc-ds,q40,1,4,14,"PROJECT [cs_sold_date_sk, cs_warehouse_sk, cs_item_sk, cs_order_number, cs_sales_price, cr_item_sk, cr_order_number, cr_refunded_cash, w_warehouse_sk, w_state, i_item_sk, i_item_id, i_current_price, d_date_sk, d_date, CAST('2000-03-11' AS Date32) AS __cse_0, CAST(0 AS Decimal128(8, 2)) AS __cse_1, coalesce(cr_refunded_cash, 0) AS __cse_2, cs_sales_price - coalesce(cr_refunded_cash, 0) AS __cse_3]",1733,6.4ms,0.0064,103.9KB,2,/Users/harbor/.codex/worktrees/4f87/NovaRocks/logs/baseline/20260622-231416-tpc-baseline/plans/analyze/tpc-ds/q40.result
tpc-ds,q40,1,5,13,"HASH JOIN (BROADCAST, INNER, eq: [cs_sold_date_sk = d_date_sk])",1916,3.3ms,0.0033,440.8KB,4,/Users/harbor/.codex/worktrees/4f87/NovaRocks/logs/baseline/20260622-231416-tpc-baseline/plans/analyze/tpc-ds/q40.result
tpc-ds,q41,1,1,3,"HASH AGGREGATE (LOCAL, group by: [i_manufact])",20,124.1us,0.0001241,566.3KB,0,/Users/harbor/.codex/worktrees/4f87/NovaRocks/logs/baseline/20260622-231416-tpc-baseline/plans/analyze/tpc-ds/q41.result
tpc-ds,q41,1,2,8,"HASH JOIN (BROADCAST, LEFT OUTER, eq: [i1.i_manufact = item.i_manufact])",269,59.0us,5.9e-05,220.4KB,6,/Users/harbor/.codex/worktrees/4f87/NovaRocks/logs/baseline/20260622-231416-tpc-baseline/plans/analyze/tpc-ds/q41.result
tpc-ds,q41,1,3,9,"PROJECT [i1.i_product_name AS i_product_name, ifnull(item_cnt, 0) AS __scalar_sq_0]",243,38.8us,3.88e-05,23.1KB,4,/Users/harbor/.codex/worktrees/4f87/NovaRocks/logs/baseline/20260622-231416-tpc-baseline/plans/analyze/tpc-ds/q41.result
tpc-ds,q41,1,4,6,"PROJECT [count(*) AS item_cnt, item.i_manufact AS i_manufact]",10,36.7us,3.67e-05,198.4KB,0,/Users/harbor/.codex/worktrees/4f87/NovaRocks/logs/baseline/20260622-231416-tpc-baseline/plans/analyze/tpc-ds/q41.result
tpc-ds,q41,1,5,5,"HASH AGGREGATE (GLOBAL, group by: [item.i_manufact])",20,31.8us,3.18e-05,897.5KB,2,/Users/harbor/.codex/worktrees/4f87/NovaRocks/logs/baseline/20260622-231416-tpc-baseline/plans/analyze/tpc-ds/q41.result
tpc-ds,q42,1,1,4,"HASH JOIN (BROADCAST, INNER, eq: [store_sales.ss_sold_date_sk = dt.d_date_sk])",88769,11.5ms,0.0115,8.9MB,4,/Users/harbor/.codex/worktrees/4f87/NovaRocks/logs/baseline/20260622-231416-tpc-baseline/plans/analyze/tpc-ds/q42.result
tpc-ds,q42,1,2,8,"HASH AGGREGATE (LOCAL, group by: [dt.d_year, item.i_category_id, item.i_category])",1533,2.3ms,0.0023,1.3MB,0,/Users/harbor/.codex/worktrees/4f87/NovaRocks/logs/baseline/20260622-231416-tpc-baseline/plans/analyze/tpc-ds/q42.result
tpc-ds,q42,1,3,1,SCAN tpcds.store_sales,2750311,2.2ms,0.0022,0B,6,/Users/harbor/.codex/worktrees/4f87/NovaRocks/logs/baseline/20260622-231416-tpc-baseline/plans/analyze/tpc-ds/q42.result
tpc-ds,q42,1,4,7,"HASH JOIN (BROADCAST, INNER, eq: [store_sales.ss_item_sk = item.i_item_sk])",2466,735.0us,0.000735,4.1MB,2,/Users/harbor/.codex/worktrees/4f87/NovaRocks/logs/baseline/20260622-231416-tpc-baseline/plans/analyze/tpc-ds/q42.result
tpc-ds,q42,1,5,5,SCAN tpcds.item,321,248.5us,0.0002485,216.0KB,0,/Users/harbor/.codex/worktrees/4f87/NovaRocks/logs/baseline/20260622-231416-tpc-baseline/plans/analyze/tpc-ds/q42.result
tpc-ds,q43,1,1,4,"HASH JOIN (BROADCAST, INNER, eq: [ss_sold_date_sk = d_date_sk])",541852,23.0ms,0.023,7.6MB,4,/Users/harbor/.codex/worktrees/4f87/NovaRocks/logs/baseline/20260622-231416-tpc-baseline/plans/analyze/tpc-ds/q43.result
tpc-ds,q43,1,2,8,"HASH AGGREGATE (LOCAL, group by: [s_store_name, s_store_id])",540772,22.0ms,0.022,22.4MB,0,/Users/harbor/.codex/worktrees/4f87/NovaRocks/logs/baseline/20260622-231416-tpc-baseline/plans/analyze/tpc-ds/q43.result
tpc-ds,q43,1,3,1,SCAN tpcds.store_sales,2685687,16.8ms,0.0168,0B,6,/Users/harbor/.codex/worktrees/4f87/NovaRocks/logs/baseline/20260622-231416-tpc-baseline/plans/analyze/tpc-ds/q43.result
tpc-ds,q43,1,4,7,"HASH JOIN (BROADCAST, INNER, eq: [ss_store_sk = s_store_sk])",540790,16.3ms,0.0163,9.1MB,2,/Users/harbor/.codex/worktrees/4f87/NovaRocks/logs/baseline/20260622-231416-tpc-baseline/plans/analyze/tpc-ds/q43.result
tpc-ds,q43,1,5,11,"PROJECT [s_store_name, s_store_id, sum(Case { operand: None, when_then: [(TypedExpr { kind: Nested(TypedExpr { kind: BinaryOp { left: TypedExpr { kind: ColumnRef { column_id: c15, qualifier: None, column: ""d_day_name"" }, data_type: Utf8, nullable: true }, op: Eq, right: TypedExpr { kind: Literal(String(""Sunday"")), data_type: Utf8, nullable: false } }, data_type: Boolean, nullable: true }), data_type: Boolean, nullable: true }, TypedExpr { kind: ColumnRef { column_id: c44, qualifier: None, column: ""ss_sales_price"" }, data_type: Decimal128(7, 2), nullable: true })], else_expr: Some(TypedExpr { kind: Literal(Null), data_type: Null, nullable: true }) }) AS sun_sales, sum(Case { operand: None, when_then: [(TypedExpr { kind: Nested(TypedExpr { kind: BinaryOp { left: TypedExpr { kind: ColumnRef { column_id: c15, qualifier: None, column: ""d_day_name"" }, data_type: Utf8, nullable: true }, op: Eq, right: TypedExpr { kind: Literal(String(""Monday"")), data_type: Utf8, nullable: false } }, data_type: Boolean, nullable: true }), data_type: Boolean, nullable: true }, TypedExpr { kind: ColumnRef { column_id: c44, qualifier: None, column: ""ss_sales_price"" }, data_type: Decimal128(7, 2), nullable: true })], else_expr: Some(TypedExpr { kind: Literal(Null), data_type: Null, nullable: true }) }) AS mon_sales, sum(Case { operand: None, when_then: [(TypedExpr { kind: Nested(TypedExpr { kind: BinaryOp { left: TypedExpr { kind: ColumnRef { column_id: c15, qualifier: None, column: ""d_day_name"" }, data_type: Utf8, nullable: true }, op: Eq, right: TypedExpr { kind: Literal(String(""Tuesday"")), data_type: Utf8, nullable: false } }, data_type: Boolean, nullable: true }), data_type: Boolean, nullable: true }, TypedExpr { kind: ColumnRef { column_id: c44, qualifier: None, column: ""ss_sales_price"" }, data_type: Decimal128(7, 2), nullable: true })], else_expr: Some(TypedExpr { kind: Literal(Null), data_type: Null, nullable: true }) }) AS tue_sales, sum(Case { operand: None, when_then: [(TypedExpr { kind: Nested(TypedExpr { kind: BinaryOp { left: TypedExpr { kind: ColumnRef { column_id: c15, qualifier: None, column: ""d_day_name"" }, data_type: Utf8, nullable: true }, op: Eq, right: TypedExpr { kind: Literal(String(""Wednesday"")), data_type: Utf8, nullable: false } }, data_type: Boolean, nullable: true }), data_type: Boolean, nullable: true }, TypedExpr { kind: ColumnRef { column_id: c44, qualifier: None, column: ""ss_sales_price"" }, data_type: Decimal128(7, 2), nullable: true })], else_expr: Some(TypedExpr { kind: Literal(Null), data_type: Null, nullable: true }) }) AS wed_sales, sum(Case { operand: None, when_then: [(TypedExpr { kind: Nested(TypedExpr { kind: BinaryOp { left: TypedExpr { kind: ColumnRef { column_id: c15, qualifier: None, column: ""d_day_name"" }, data_type: Utf8, nullable: true }, op: Eq, right: TypedExpr { kind: Literal(String(""Thursday"")), data_type: Utf8, nullable: false } }, data_type: Boolean, nullable: true }), data_type: Boolean, nullable: true }, TypedExpr { kind: ColumnRef { column_id: c44, qualifier: None, column: ""ss_sales_price"" }, data_type: Decimal128(7, 2), nullable: true })], else_expr: Some(TypedExpr { kind: Literal(Null), data_type: Null, nullable: true }) }) AS thu_sales, sum(Case { operand: None, when_then: [(TypedExpr { kind: Nested(TypedExpr { kind: BinaryOp { left: TypedExpr { kind: ColumnRef { column_id: c15, qualifier: None, column: ""d_day_name"" }, data_type: Utf8, nullable: true }, op: Eq, right: TypedExpr { kind: Literal(String(""Friday"")), data_type: Utf8, nullable: false } }, data_type: Boolean, nullable: true }), data_type: Boolean, nullable: true }, TypedExpr { kind: ColumnRef { column_id: c44, qualifier: None, column: ""ss_sales_price"" }, data_type: Decimal128(7, 2), nullable: true })], else_expr: Some(TypedExpr { kind: Literal(Null), data_type: Null, nullable: true }) }) AS fri_sales, sum(Case { operand: None, when_then: [(TypedExpr { kind: Nested(TypedExpr { kind: BinaryOp { left: TypedExpr { kind: ColumnRef { column_id: c15, qualifier: None, column: ""d_day_name"" }, data_type: Utf8, nullable: true }, op: Eq, right: TypedExpr { kind: Literal(String(""Saturday"")), data_type: Utf8, nullable: false } }, data_type: Boolean, nullable: true }), data_type: Boolean, nullable: true }, TypedExpr { kind: ColumnRef { column_id: c44, qualifier: None, column: ""ss_sales_price"" }, data_type: Decimal128(7, 2), nullable: true })], else_expr: Some(TypedExpr { kind: Literal(Null), data_type: Null, nullable: true }) }) AS sat_sales]",6,104.7us,0.0001047,50.8KB,2,/Users/harbor/.codex/worktrees/4f87/NovaRocks/logs/baseline/20260622-231416-tpc-baseline/plans/analyze/tpc-ds/q43.result
tpc-ds,q44,1,1,11,"HASH AGGREGATE (GLOBAL, group by: [store_sales.ss_store_sk])",4,19.1ms,0.0191,64.3KB,2,/Users/harbor/.codex/worktrees/4f87/NovaRocks/logs/baseline/20260622-231416-tpc-baseline/plans/analyze/tpc-ds/q44.result
tpc-ds,q44,1,2,4,"HASH AGGREGATE (LOCAL, group by: [ss1.ss_item_sk])",511978,17.0ms,0.017,5.7MB,0,/Users/harbor/.codex/worktrees/4f87/NovaRocks/logs/baseline/20260622-231416-tpc-baseline/plans/analyze/tpc-ds/q44.result
tpc-ds,q44,1,3,9,"HASH AGGREGATE (LOCAL, group by: [ss_store_sk])",10775,11.5ms,0.0115,407.6KB,0,/Users/harbor/.codex/worktrees/4f87/NovaRocks/logs/baseline/20260622-231416-tpc-baseline/plans/analyze/tpc-ds/q44.result
tpc-ds,q44,1,4,60,"HASH AGGREGATE (LOCAL, group by: [ss1.ss_item_sk])",511978,8.9ms,0.0089,5.8MB,0,/Users/harbor/.codex/worktrees/4f87/NovaRocks/logs/baseline/20260622-231416-tpc-baseline/plans/analyze/tpc-ds/q44.result
tpc-ds,q44,1,5,76,WINDOW [rank()],10,6.5ms,0.0065,222.2KB,76,/Users/harbor/.codex/worktrees/4f87/NovaRocks/logs/baseline/20260622-231416-tpc-baseline/plans/analyze/tpc-ds/q44.result
tpc-ds,q45,1,1,36,NEST LOOP JOIN (LEFT OUTER),21381,62.5ms,0.0625,81.8KB,8,/Users/harbor/.codex/worktrees/4f87/NovaRocks/logs/baseline/20260622-231416-tpc-baseline/plans/analyze/tpc-ds/q45.result
tpc-ds,q45,1,2,21,"HASH JOIN (BROADCAST, LEFT OUTER, eq: [i_item_id = item.i_item_id])",21389,58.8ms,0.0588,9.8MB,0,/Users/harbor/.codex/worktrees/4f87/NovaRocks/logs/baseline/20260622-231416-tpc-baseline/plans/analyze/tpc-ds/q45.result
tpc-ds,q45,1,3,14,"HASH JOIN (BROADCAST, INNER, eq: [ws_item_sk = i_item_sk])",75362,52.6ms,0.0526,12.5MB,2,/Users/harbor/.codex/worktrees/4f87/NovaRocks/logs/baseline/20260622-231416-tpc-baseline/plans/analyze/tpc-ds/q45.result
tpc-ds,q45,1,4,29,NEST LOOP JOIN (LEFT OUTER),21362,42.3ms,0.0423,49.2KB,10,/Users/harbor/.codex/worktrees/4f87/NovaRocks/logs/baseline/20260622-231416-tpc-baseline/plans/analyze/tpc-ds/q45.result
tpc-ds,q45,1,5,11,"HASH JOIN (BROADCAST, INNER, eq: [c_current_addr_sk = ca_address_sk])",171362,36.8ms,0.0368,32.9MB,4,/Users/harbor/.codex/worktrees/4f87/NovaRocks/logs/baseline/20260622-231416-tpc-baseline/plans/analyze/tpc-ds/q45.result
tpc-ds,q46,1,1,15,"HASH AGGREGATE (LOCAL, group by: [ss_ticket_number, ss_customer_sk, ss_addr_sk, bought_city])",124621,125.1ms,0.1251,4.5MB,0,/Users/harbor/.codex/worktrees/4f87/NovaRocks/logs/baseline/20260622-231416-tpc-baseline/plans/analyze/tpc-ds/q46.result
tpc-ds,q46,1,2,2,SCAN tpcds.store_sales,2628655,71.2ms,0.0712,0B,10,/Users/harbor/.codex/worktrees/4f87/NovaRocks/logs/baseline/20260622-231416-tpc-baseline/plans/analyze/tpc-ds/q46.result
tpc-ds,q46,1,3,26,"LOCAL TOP-N (limit=100, offset=0) [c_last_name ASC NULLS FIRST, c_first_name ASC NULLS FIRST, ca_city ASC NULLS FIRST, bought_city ASC NULLS FIRST, ss_ticket_number ASC NULLS FIRST]",9994,69.7ms,0.0697,77.2KB,0,/Users/harbor/.codex/worktrees/4f87/NovaRocks/logs/baseline/20260622-231416-tpc-baseline/plans/analyze/tpc-ds/q46.result
tpc-ds,q46,1,4,24,"HASH JOIN (BROADCAST, INNER, eq: [customer.c_current_addr_sk = current_addr.ca_address_sk])",159694,67.7ms,0.0677,31.2MB,4,/Users/harbor/.codex/worktrees/4f87/NovaRocks/logs/baseline/20260622-231416-tpc-baseline/plans/analyze/tpc-ds/q46.result
tpc-ds,q46,1,5,14,"HASH JOIN (BROADCAST, INNER, eq: [store_sales.ss_store_sk = store.s_store_sk])",113824,37.6ms,0.0376,578.5KB,2,/Users/harbor/.codex/worktrees/4f87/NovaRocks/logs/baseline/20260622-231416-tpc-baseline/plans/analyze/tpc-ds/q46.result
tpc-ds,q47,1,1,4,"HASH JOIN (BROADCAST, INNER, eq: [ss_item_sk = i_item_sk])",2739687,367.8ms,0.3678,49.6MB,6,/Users/harbor/.codex/worktrees/4f87/NovaRocks/logs/baseline/20260622-231416-tpc-baseline/plans/analyze/tpc-ds/q47.result
tpc-ds,q47,1,2,11,"HASH AGGREGATE (LOCAL, group by: [i_category, i_brand, s_store_name, s_company_name, d_year, d_moy])",762051,233.4ms,0.2334,52.8MB,0,/Users/harbor/.codex/worktrees/4f87/NovaRocks/logs/baseline/20260622-231416-tpc-baseline/plans/analyze/tpc-ds/q47.result
tpc-ds,q47,1,3,7,"HASH JOIN (BROADCAST, INNER, eq: [ss_sold_date_sk = d_date_sk])",655571,100.4ms,0.1004,14.5MB,4,/Users/harbor/.codex/worktrees/4f87/NovaRocks/logs/baseline/20260622-231416-tpc-baseline/plans/analyze/tpc-ds/q47.result
tpc-ds,q47,1,4,10,"HASH JOIN (BROADCAST, INNER, eq: [ss_store_sk = s_store_sk])",654326,98.9ms,0.0989,10.6MB,2,/Users/harbor/.codex/worktrees/4f87/NovaRocks/logs/baseline/20260622-231416-tpc-baseline/plans/analyze/tpc-ds/q47.result
tpc-ds,q47,1,5,61,"HASH JOIN (BROADCAST, INNER, eq: [v1_lag.i_category = v1.i_category, v1_lag.i_brand = v1.i_brand, v1_lag.s_store_name = v1.s_store_name, v1_lag.s_company_name = v1.s_company_name, v1_lag.rn + 1 = v1.rn])",123031,42.2ms,0.0422,38.5MB,0,/Users/harbor/.codex/worktrees/4f87/NovaRocks/logs/baseline/20260622-231416-tpc-baseline/plans/analyze/tpc-ds/q47.result
tpc-ds,q48,1,1,6,"HASH JOIN (BROADCAST, INNER, eq: [ss_addr_sk = ca_address_sk])",144316,146.0ms,0.146,26.3MB,0,/Users/harbor/.codex/worktrees/4f87/NovaRocks/logs/baseline/20260622-231416-tpc-baseline/plans/analyze/tpc-ds/q48.result
tpc-ds,q48,1,2,8,"HASH JOIN (BROADCAST, INNER, eq: [cd_demo_sk = ss_cdemo_sk])",306932,41.7ms,0.0417,110.4MB,6,/Users/harbor/.codex/worktrees/4f87/NovaRocks/logs/baseline/20260622-231416-tpc-baseline/plans/analyze/tpc-ds/q48.result
tpc-ds,q48,1,3,7,GATHER,304095,16.9ms,0.0169,0B,8,/Users/harbor/.codex/worktrees/4f87/NovaRocks/logs/baseline/20260622-231416-tpc-baseline/plans/analyze/tpc-ds/q48.result
tpc-ds,q48,1,4,2,SCAN tpcds.store_sales,169853,8.0ms,0.008,0B,2,/Users/harbor/.codex/worktrees/4f87/NovaRocks/logs/baseline/20260622-231416-tpc-baseline/plans/analyze/tpc-ds/q48.result
tpc-ds,q48,1,5,11,"HASH JOIN (BROADCAST, INNER, eq: [ss_store_sk = s_store_sk])",2873,3.2ms,0.0032,19.9KB,4,/Users/harbor/.codex/worktrees/4f87/NovaRocks/logs/baseline/20260622-231416-tpc-baseline/plans/analyze/tpc-ds/q48.result
tpc-ds,q49,1,1,56,"HASH JOIN (PARTITIONED, LEFT OUTER, eq: [sts.ss_ticket_number = sr.sr_ticket_number, store.item = sr.sr_item_sk])",1662119,308.1ms,0.3081,64.8MB,8,/Users/harbor/.codex/worktrees/4f87/NovaRocks/logs/baseline/20260622-231416-tpc-baseline/plans/analyze/tpc-ds/q49.result
tpc-ds,q49,1,2,28,"HASH JOIN (BROADCAST, LEFT OUTER, eq: [cs.cs_order_number = cr.cr_order_number, catalog.item = cr.cr_item_sk])",989624,165.3ms,0.1653,98.3MB,8,/Users/harbor/.codex/worktrees/4f87/NovaRocks/logs/baseline/20260622-231416-tpc-baseline/plans/analyze/tpc-ds/q49.result
tpc-ds,q49,1,3,4,"HASH JOIN (BROADCAST, LEFT OUTER, eq: [ws.ws_order_number = wr.wr_order_number, web.item = wr.wr_item_sk])",495786,46.6ms,0.0466,53.6MB,8,/Users/harbor/.codex/worktrees/4f87/NovaRocks/logs/baseline/20260622-231416-tpc-baseline/plans/analyze/tpc-ds/q49.result
tpc-ds,q49,1,4,52,SCAN tpcds.store_sales (alias=sts),687109,27.9ms,0.0279,11.2MB,0,/Users/harbor/.codex/worktrees/4f87/NovaRocks/logs/baseline/20260622-231416-tpc-baseline/plans/analyze/tpc-ds/q49.result
tpc-ds,q49,1,5,26,SCAN tpcds.catalog_returns (alias=cr),144067,27.7ms,0.0277,25.4MB,0,/Users/harbor/.codex/worktrees/4f87/NovaRocks/logs/baseline/20260622-231416-tpc-baseline/plans/analyze/tpc-ds/q49.result
tpc-ds,q5,1,1,7,UNION ALL,9293949,121.6ms,0.1216,6.4MB,74,/Users/harbor/.codex/worktrees/4f87/NovaRocks/logs/baseline/20260622-231416-tpc-baseline/plans/analyze/tpc-ds/q5.result
tpc-ds,q5,1,2,2,"PROJECT [store_sk AS ss_store_sk, date_sk AS ss_sold_date_sk, sales_price AS ss_ext_sales_price, profit AS ss_net_profit, CAST(0 AS Decimal128(7, 2)) AS __cse_0]",2880404,121.1ms,0.1211,8.6MB,78,/Users/harbor/.codex/worktrees/4f87/NovaRocks/logs/baseline/20260622-231416-tpc-baseline/plans/analyze/tpc-ds/q5.result
tpc-ds,q5,1,3,115,"HASH JOIN (PARTITIONED, RIGHT OUTER, eq: [ws_item_sk = wr_item_sk, ws_order_number = wr_order_number])",862910,119.3ms,0.1193,24.9MB,80,/Users/harbor/.codex/worktrees/4f87/NovaRocks/logs/baseline/20260622-231416-tpc-baseline/plans/analyze/tpc-ds/q5.result
tpc-ds,q5,1,4,111,SCAN tpcds.web_sales,719384,66.3ms,0.0663,14.5MB,0,/Users/harbor/.codex/worktrees/4f87/NovaRocks/logs/baseline/20260622-231416-tpc-baseline/plans/analyze/tpc-ds/q5.result
tpc-ds,q5,1,5,60,UNION ALL,4743181,60.6ms,0.0606,5.1MB,74,/Users/harbor/.codex/worktrees/4f87/NovaRocks/logs/baseline/20260622-231416-tpc-baseline/plans/analyze/tpc-ds/q5.result
tpc-ds,q50,1,1,14,"PROJECT [ss_sold_date_sk, ss_item_sk, ss_customer_sk, ss_store_sk, ss_ticket_number, sr_returned_date_sk, sr_item_sk, sr_customer_sk, sr_ticket_number, s_store_sk, s_store_name, s_company_id, s_street_number, s_street_name, s_street_type, s_suite_number, s_city, s_county, s_state, s_zip, d1.d_date_sk AS d_date_sk, d2.d_date_sk AS d_date_sk, d2.d_year AS d_year, d2.d_moy AS d_moy, sr_returned_date_sk - ss_sold_date_sk AS __cse_0]",2105,217.4ms,0.2174,4.4KB,2,/Users/harbor/.codex/worktrees/4f87/NovaRocks/logs/baseline/20260622-231416-tpc-baseline/plans/analyze/tpc-ds/q50.result
tpc-ds,q50,1,2,9,"HASH JOIN (BROADCAST, INNER, eq: [ss_ticket_number = sr_ticket_number, ss_item_sk = sr_item_sk, ss_customer_sk = sr_customer_sk])",10883,14.8ms,0.0148,10.3MB,0,/Users/harbor/.codex/worktrees/4f87/NovaRocks/logs/baseline/20260622-231416-tpc-baseline/plans/analyze/tpc-ds/q50.result
tpc-ds,q50,1,3,15,"HASH AGGREGATE (LOCAL, group by: [s_store_name, s_company_id, s_street_number, s_street_name, s_street_type, s_suite_number, s_city, s_county, s_state, s_zip])",2111,8.2ms,0.0082,655.1KB,0,/Users/harbor/.codex/worktrees/4f87/NovaRocks/logs/baseline/20260622-231416-tpc-baseline/plans/analyze/tpc-ds/q50.result
tpc-ds,q50,1,4,3,SCAN tpcds.store_sales,422705,3.5ms,0.0035,0B,2,/Users/harbor/.codex/worktrees/4f87/NovaRocks/logs/baseline/20260622-231416-tpc-baseline/plans/analyze/tpc-ds/q50.result
tpc-ds,q50,1,5,11,"HASH JOIN (BROADCAST, INNER, eq: [d1.d_date_sk = ss_sold_date_sk])",8420,3.2ms,0.0032,16.4MB,0,/Users/harbor/.codex/worktrees/4f87/NovaRocks/logs/baseline/20260622-231416-tpc-baseline/plans/analyze/tpc-ds/q50.result
tpc-ds,q51,1,1,4,"HASH JOIN (BROADCAST, INNER, eq: [ss_sold_date_sk = d_date_sk])",554959,71.3ms,0.0713,17.9MB,2,/Users/harbor/.codex/worktrees/4f87/NovaRocks/logs/baseline/20260622-231416-tpc-baseline/plans/analyze/tpc-ds/q51.result
tpc-ds,q51,1,2,5,"HASH AGGREGATE (LOCAL, group by: [ss_item_sk, d_date])",1052932,68.4ms,0.0684,71.0MB,0,/Users/harbor/.codex/worktrees/4f87/NovaRocks/logs/baseline/20260622-231416-tpc-baseline/plans/analyze/tpc-ds/q51.result
tpc-ds,q51,1,3,18,"HASH AGGREGATE (LOCAL, group by: [ws_item_sk, d_date])",280495,60.0ms,0.06,42.4MB,0,/Users/harbor/.codex/worktrees/4f87/NovaRocks/logs/baseline/20260622-231416-tpc-baseline/plans/analyze/tpc-ds/q51.result
tpc-ds,q51,1,4,17,"HASH JOIN (BROADCAST, INNER, eq: [ws_sold_date_sk = d_date_sk])",143280,46.8ms,0.0468,21.1MB,2,/Users/harbor/.codex/worktrees/4f87/NovaRocks/logs/baseline/20260622-231416-tpc-baseline/plans/analyze/tpc-ds/q51.result
tpc-ds,q51,1,5,31,"SORT BY [item_sk ASC NULLS FIRST, d_date ASC NULLS FIRST]",1221234,25.0ms,0.025,26.8MB,6,/Users/harbor/.codex/worktrees/4f87/NovaRocks/logs/baseline/20260622-231416-tpc-baseline/plans/analyze/tpc-ds/q51.result
tpc-ds,q52,1,1,4,"HASH JOIN (BROADCAST, INNER, eq: [store_sales.ss_sold_date_sk = dt.d_date_sk])",88769,14.3ms,0.0143,8.1MB,4,/Users/harbor/.codex/worktrees/4f87/NovaRocks/logs/baseline/20260622-231416-tpc-baseline/plans/analyze/tpc-ds/q52.result
tpc-ds,q52,1,2,1,SCAN tpcds.store_sales,2750311,11.0ms,0.011,0B,6,/Users/harbor/.codex/worktrees/4f87/NovaRocks/logs/baseline/20260622-231416-tpc-baseline/plans/analyze/tpc-ds/q52.result
tpc-ds,q52,1,3,8,"HASH AGGREGATE (LOCAL, group by: [dt.d_year, brand, brand_id])",1810,2.4ms,0.0024,1.8MB,0,/Users/harbor/.codex/worktrees/4f87/NovaRocks/logs/baseline/20260622-231416-tpc-baseline/plans/analyze/tpc-ds/q52.result
tpc-ds,q52,1,4,7,"HASH JOIN (BROADCAST, INNER, eq: [store_sales.ss_item_sk = item.i_item_sk])",2466,642.1us,0.0006421,4.1MB,2,/Users/harbor/.codex/worktrees/4f87/NovaRocks/logs/baseline/20260622-231416-tpc-baseline/plans/analyze/tpc-ds/q52.result
tpc-ds,q52,1,5,6,GATHER,963,137.1us,0.0001371,0B,4,/Users/harbor/.codex/worktrees/4f87/NovaRocks/logs/baseline/20260622-231416-tpc-baseline/plans/analyze/tpc-ds/q52.result
tpc-ds,q53,1,1,4,"HASH JOIN (BROADCAST, INNER, eq: [ss_item_sk = i_item_sk])",114819,111.5ms,0.1115,15.1MB,6,/Users/harbor/.codex/worktrees/4f87/NovaRocks/logs/baseline/20260622-231416-tpc-baseline/plans/analyze/tpc-ds/q53.result
tpc-ds,q53,1,2,11,"HASH AGGREGATE (LOCAL, group by: [tmp1.i_manufact_id, d_qoy])",21989,94.0ms,0.094,2.0MB,0,/Users/harbor/.codex/worktrees/4f87/NovaRocks/logs/baseline/20260622-231416-tpc-baseline/plans/analyze/tpc-ds/q53.result
tpc-ds,q53,1,3,7,"HASH JOIN (BROADCAST, INNER, eq: [ss_sold_date_sk = d_date_sk])",20382,19.2ms,0.0192,1.3MB,4,/Users/harbor/.codex/worktrees/4f87/NovaRocks/logs/baseline/20260622-231416-tpc-baseline/plans/analyze/tpc-ds/q53.result
tpc-ds,q53,1,4,10,"HASH JOIN (BROADCAST, INNER, eq: [ss_store_sk = s_store_sk])",19320,11.5ms,0.0115,577.8KB,2,/Users/harbor/.codex/worktrees/4f87/NovaRocks/logs/baseline/20260622-231416-tpc-baseline/plans/analyze/tpc-ds/q53.result
tpc-ds,q53,1,5,1,SCAN tpcds.store_sales,2685687,4.9ms,0.0049,0B,8,/Users/harbor/.codex/worktrees/4f87/NovaRocks/logs/baseline/20260622-231416-tpc-baseline/plans/analyze/tpc-ds/q53.result
tpc-ds,q54,1,1,9,UNION ALL,6337365,420.2ms,0.4202,929.4KB,136,/Users/harbor/.codex/worktrees/4f87/NovaRocks/logs/baseline/20260622-231416-tpc-baseline/plans/analyze/tpc-ds/q54.result
tpc-ds,q54,1,2,78,"HASH JOIN (BROADCAST, INNER, eq: [item_sk = i_item_sk])",48781,68.9ms,0.0689,445.3KB,2,/Users/harbor/.codex/worktrees/4f87/NovaRocks/logs/baseline/20260622-231416-tpc-baseline/plans/analyze/tpc-ds/q54.result
tpc-ds,q54,1,3,6,"PROJECT [cs_sold_date_sk AS sold_date_sk, cs_bill_customer_sk AS customer_sk, cs_item_sk AS item_sk]",1441548,28.9ms,0.0289,3.4MB,138,/Users/harbor/.codex/worktrees/4f87/NovaRocks/logs/baseline/20260622-231416-tpc-baseline/plans/analyze/tpc-ds/q54.result
tpc-ds,q54,1,4,81,"HASH JOIN (BROADCAST, INNER, eq: [sold_date_sk = d_date_sk])",1727,22.3ms,0.0223,1.9MB,0,/Users/harbor/.codex/worktrees/4f87/NovaRocks/logs/baseline/20260622-231416-tpc-baseline/plans/analyze/tpc-ds/q54.result
tpc-ds,q54,1,5,124,"HASH JOIN (BROADCAST, INNER, eq: [ca_address_sk = c_current_addr_sk])",151498,12.2ms,0.0122,28.2MB,2,/Users/harbor/.codex/worktrees/4f87/NovaRocks/logs/baseline/20260622-231416-tpc-baseline/plans/analyze/tpc-ds/q54.result
tpc-ds,q55,1,1,4,"HASH JOIN (BROADCAST, INNER, eq: [ss_sold_date_sk = d_date_sk])",86371,9.9ms,0.0099,8.1MB,4,/Users/harbor/.codex/worktrees/4f87/NovaRocks/logs/baseline/20260622-231416-tpc-baseline/plans/analyze/tpc-ds/q55.result
tpc-ds,q55,1,2,1,SCAN tpcds.store_sales,2750311,2.3ms,0.0023,0B,6,/Users/harbor/.codex/worktrees/4f87/NovaRocks/logs/baseline/20260622-231416-tpc-baseline/plans/analyze/tpc-ds/q55.result
tpc-ds,q55,1,3,8,"HASH AGGREGATE (LOCAL, group by: [brand, brand_id])",1999,1.9ms,0.0019,1.7MB,0,/Users/harbor/.codex/worktrees/4f87/NovaRocks/logs/baseline/20260622-231416-tpc-baseline/plans/analyze/tpc-ds/q55.result
tpc-ds,q55,1,4,7,"HASH JOIN (BROADCAST, INNER, eq: [ss_item_sk = i_item_sk])",2725,792.3us,0.0007923,4.1MB,2,/Users/harbor/.codex/worktrees/4f87/NovaRocks/logs/baseline/20260622-231416-tpc-baseline/plans/analyze/tpc-ds/q55.result
tpc-ds,q55,1,5,10,"HASH AGGREGATE (GLOBAL, group by: [brand, brand_id])",395,263.7us,0.0002637,1.5MB,2,/Users/harbor/.codex/worktrees/4f87/NovaRocks/logs/baseline/20260622-231416-tpc-baseline/plans/analyze/tpc-ds/q55.result
tpc-ds,q56,1,1,7,"HASH JOIN (BROADCAST, INNER, eq: [ss_addr_sk = ca_address_sk])",63219,114.1ms,0.1141,13.1MB,0,/Users/harbor/.codex/worktrees/4f87/NovaRocks/logs/baseline/20260622-231416-tpc-baseline/plans/analyze/tpc-ds/q56.result
tpc-ds,q56,1,2,28,"HASH JOIN (BROADCAST, INNER, eq: [cs_bill_addr_sk = ca_address_sk])",59493,25.2ms,0.0252,14.2MB,0,/Users/harbor/.codex/worktrees/4f87/NovaRocks/logs/baseline/20260622-231416-tpc-baseline/plans/analyze/tpc-ds/q56.result
tpc-ds,q56,1,3,27,GATHER,54738,17.6ms,0.0176,0B,2,/Users/harbor/.codex/worktrees/4f87/NovaRocks/logs/baseline/20260622-231416-tpc-baseline/plans/analyze/tpc-ds/q56.result
tpc-ds,q56,1,4,50,"HASH JOIN (BROADCAST, INNER, eq: [ws_bill_addr_sk = ca_address_sk])",57085,15.5ms,0.0155,14.3MB,0,/Users/harbor/.codex/worktrees/4f87/NovaRocks/logs/baseline/20260622-231416-tpc-baseline/plans/analyze/tpc-ds/q56.result
tpc-ds,q56,1,5,5,SCAN tpcds.customer_address,18246,15.2ms,0.0152,3.8MB,0,/Users/harbor/.codex/worktrees/4f87/NovaRocks/logs/baseline/20260622-231416-tpc-baseline/plans/analyze/tpc-ds/q56.result
tpc-ds,q57,1,1,4,"HASH JOIN (BROADCAST, INNER, eq: [cs_item_sk = i_item_sk])",1484799,162.3ms,0.1623,48.1MB,6,/Users/harbor/.codex/worktrees/4f87/NovaRocks/logs/baseline/20260622-231416-tpc-baseline/plans/analyze/tpc-ds/q57.result
tpc-ds,q57,1,2,11,"HASH AGGREGATE (LOCAL, group by: [i_category, i_brand, cc_name, d_year, d_moy])",404465,92.8ms,0.0928,31.0MB,0,/Users/harbor/.codex/worktrees/4f87/NovaRocks/logs/baseline/20260622-231416-tpc-baseline/plans/analyze/tpc-ds/q57.result
tpc-ds,q57,1,3,10,"HASH JOIN (BROADCAST, INNER, eq: [cs_call_center_sk = cc_call_center_sk])",348085,39.5ms,0.0395,6.7MB,2,/Users/harbor/.codex/worktrees/4f87/NovaRocks/logs/baseline/20260622-231416-tpc-baseline/plans/analyze/tpc-ds/q57.result
tpc-ds,q57,1,4,7,"HASH JOIN (BROADCAST, INNER, eq: [cs_sold_date_sk = d_date_sk])",349348,34.2ms,0.0342,9.8MB,4,/Users/harbor/.codex/worktrees/4f87/NovaRocks/logs/baseline/20260622-231416-tpc-baseline/plans/analyze/tpc-ds/q57.result
tpc-ds,q57,1,5,2,SCAN tpcds.item,18000,28.5ms,0.0285,17.4MB,0,/Users/harbor/.codex/worktrees/4f87/NovaRocks/logs/baseline/20260622-231416-tpc-baseline/plans/analyze/tpc-ds/q57.result
tpc-ds,q58,1,1,7,"HASH JOIN (BROADCAST, INNER, eq: [ws_sold_date_sk = d_date_sk])",938342,228.0ms,0.228,46.0MB,4,/Users/harbor/.codex/worktrees/4f87/NovaRocks/logs/baseline/20260622-231416-tpc-baseline/plans/analyze/tpc-ds/q58.result
tpc-ds,q58,1,2,49,"HASH JOIN (BROADCAST, INNER, eq: [ss_item_sk = i_item_sk])",2804311,151.2ms,0.1512,22.0MB,6,/Users/harbor/.codex/worktrees/4f87/NovaRocks/logs/baseline/20260622-231416-tpc-baseline/plans/analyze/tpc-ds/q58.result
tpc-ds,q58,1,3,52,"HASH JOIN (BROADCAST, INNER, eq: [ss_sold_date_sk = d_date_sk])",2969458,118.8ms,0.1188,47.1MB,4,/Users/harbor/.codex/worktrees/4f87/NovaRocks/logs/baseline/20260622-231416-tpc-baseline/plans/analyze/tpc-ds/q58.result
tpc-ds,q58,1,4,27,"HASH JOIN (BROADCAST, INNER, eq: [cs_item_sk = i_item_sk])",1488368,97.4ms,0.0974,20.3MB,6,/Users/harbor/.codex/worktrees/4f87/NovaRocks/logs/baseline/20260622-231416-tpc-baseline/plans/analyze/tpc-ds/q58.result
tpc-ds,q58,1,5,4,"HASH JOIN (BROADCAST, INNER, eq: [ws_item_sk = i_item_sk])",773195,46.3ms,0.0463,19.4MB,6,/Users/harbor/.codex/worktrees/4f87/NovaRocks/logs/baseline/20260622-231416-tpc-baseline/plans/analyze/tpc-ds/q58.result
tpc-ds,q59,1,1,4,"HASH JOIN (BROADCAST, INNER, eq: [ss_sold_date_sk = d_date_sk])",2969458,101.0ms,0.101,50.9MB,2,/Users/harbor/.codex/worktrees/4f87/NovaRocks/logs/baseline/20260622-231416-tpc-baseline/plans/analyze/tpc-ds/q59.result
tpc-ds,q59,1,2,5,"HASH AGGREGATE (LOCAL, group by: [d_week_seq, ss_store_sk])",2752566,69.6ms,0.0696,16.6MB,0,/Users/harbor/.codex/worktrees/4f87/NovaRocks/logs/baseline/20260622-231416-tpc-baseline/plans/analyze/tpc-ds/q59.result
tpc-ds,q59,1,3,95,"LOCAL TOP-N (limit=100, offset=0) [s_store_name1 ASC NULLS FIRST, s_store_id1 ASC NULLS FIRST, d_week_seq1 ASC NULLS FIRST]",15388,6.1ms,0.0061,1.3MB,0,/Users/harbor/.codex/worktrees/4f87/NovaRocks/logs/baseline/20260622-231416-tpc-baseline/plans/analyze/tpc-ds/q59.result
tpc-ds,q59,1,4,1,SCAN tpcds.store_sales,2750311,4.4ms,0.0044,0B,4,/Users/harbor/.codex/worktrees/4f87/NovaRocks/logs/baseline/20260622-231416-tpc-baseline/plans/analyze/tpc-ds/q59.result
tpc-ds,q59,1,5,94,"HASH JOIN (BROADCAST, INNER, eq: [s_store_id1 = s_store_id2, d_week_seq1 = d_week_seq2 - 52])",21858,3.9ms,0.0039,1.4MB,2,/Users/harbor/.codex/worktrees/4f87/NovaRocks/logs/baseline/20260622-231416-tpc-baseline/plans/analyze/tpc-ds/q59.result
tpc-ds,q6,1,1,5,"HASH JOIN (BROADCAST, INNER, eq: [s.ss_item_sk = i.i_item_sk])",2739453,168.7ms,0.1687,18.2MB,4,/Users/harbor/.codex/worktrees/4f87/NovaRocks/logs/baseline/20260622-231416-tpc-baseline/plans/analyze/tpc-ds/q6.result
tpc-ds,q6,1,2,21,"HASH JOIN (BROADCAST, INNER, eq: [c.c_current_addr_sk = a.ca_address_sk])",179100,142.8ms,0.1428,29.6MB,10,/Users/harbor/.codex/worktrees/4f87/NovaRocks/logs/baseline/20260622-231416-tpc-baseline/plans/analyze/tpc-ds/q6.result
tpc-ds,q6,1,3,8,"HASH JOIN (BROADCAST, INNER, eq: [s.ss_sold_date_sk = d.d_date_sk])",2904600,115.3ms,0.1153,45.8MB,2,/Users/harbor/.codex/worktrees/4f87/NovaRocks/logs/baseline/20260622-231416-tpc-baseline/plans/analyze/tpc-ds/q6.result
tpc-ds,q6,1,4,22,"PROJECT [ca_state, i.i_current_price AS i_current_price, i.i_category AS i_category]",29100,32.2ms,0.0322,57.4KB,8,/Users/harbor/.codex/worktrees/4f87/NovaRocks/logs/baseline/20260622-231416-tpc-baseline/plans/analyze/tpc-ds/q6.result
tpc-ds,q6,1,5,16,"HASH JOIN (BROADCAST, INNER, eq: [d.d_month_seq = d_month_seq])",29103,11.4ms,0.0114,9.0MB,0,/Users/harbor/.codex/worktrees/4f87/NovaRocks/logs/baseline/20260622-231416-tpc-baseline/plans/analyze/tpc-ds/q6.result
tpc-ds,q60,1,1,15,"HASH JOIN (BROADCAST, LEFT SEMI, eq: [i_item_id = item.i_item_id])",9880,58.5ms,0.0585,589.9KB,2,/Users/harbor/.codex/worktrees/4f87/NovaRocks/logs/baseline/20260622-231416-tpc-baseline/plans/analyze/tpc-ds/q60.result
tpc-ds,q60,1,2,47,"HASH JOIN (BROADCAST, INNER, eq: [ws_sold_date_sk = d_date_sk])",15715,37.7ms,0.0377,8.2MB,2,/Users/harbor/.codex/worktrees/4f87/NovaRocks/logs/baseline/20260622-231416-tpc-baseline/plans/analyze/tpc-ds/q60.result
tpc-ds,q60,1,3,54,"HASH JOIN (PARTITIONED, INNER, eq: [ws_item_sk = i_item_sk])",29858,32.4ms,0.0324,5.0MB,4,/Users/harbor/.codex/worktrees/4f87/NovaRocks/logs/baseline/20260622-231416-tpc-baseline/plans/analyze/tpc-ds/q60.result
tpc-ds,q60,1,4,7,"HASH JOIN (BROADCAST, INNER, eq: [ss_addr_sk = ca_address_sk])",76893,30.6ms,0.0306,16.4MB,0,/Users/harbor/.codex/worktrees/4f87/NovaRocks/logs/baseline/20260622-231416-tpc-baseline/plans/analyze/tpc-ds/q60.result
tpc-ds,q60,1,5,32,"HASH JOIN (PARTITIONED, INNER, eq: [cs_item_sk = i_item_sk])",41048,30.3ms,0.0303,5.3MB,4,/Users/harbor/.codex/worktrees/4f87/NovaRocks/logs/baseline/20260622-231416-tpc-baseline/plans/analyze/tpc-ds/q60.result
tpc-ds,q61,1,1,28,"HASH JOIN (BROADCAST, INNER, eq: [c_current_addr_sk = ca_address_sk])",91531,184.8ms,0.1848,18.6MB,0,/Users/harbor/.codex/worktrees/4f87/NovaRocks/logs/baseline/20260622-231416-tpc-baseline/plans/analyze/tpc-ds/q61.result
tpc-ds,q61,1,2,8,"HASH JOIN (BROADCAST, INNER, eq: [ss_item_sk = i_item_sk])",12123,94.6ms,0.0946,3.7MB,2,/Users/harbor/.codex/worktrees/4f87/NovaRocks/logs/baseline/20260622-231416-tpc-baseline/plans/analyze/tpc-ds/q61.result
tpc-ds,q61,1,3,13,"HASH JOIN (BROADCAST, INNER, eq: [c_customer_sk = ss_customer_sk])",17484,49.9ms,0.0499,12.2MB,6,/Users/harbor/.codex/worktrees/4f87/NovaRocks/logs/baseline/20260622-231416-tpc-baseline/plans/analyze/tpc-ds/q61.result
tpc-ds,q61,1,4,39,"HASH JOIN (BROADCAST, INNER, eq: [ss_store_sk = s_store_sk])",8343,47.2ms,0.0472,2.4MB,0,/Users/harbor/.codex/worktrees/4f87/NovaRocks/logs/baseline/20260622-231416-tpc-baseline/plans/analyze/tpc-ds/q61.result
tpc-ds,q61,1,5,41,"HASH JOIN (PARTITIONED, INNER, eq: [c_customer_sk = ss_customer_sk])",48121,46.8ms,0.0468,6.3MB,2,/Users/harbor/.codex/worktrees/4f87/NovaRocks/logs/baseline/20260622-231416-tpc-baseline/plans/analyze/tpc-ds/q61.result
tpc-ds,q62,1,1,15,"HASH AGGREGATE (LOCAL, group by: [substring(w_warehouse_name, 1, 20), sm_type, web_name])",143549,6.5ms,0.0065,4.6MB,0,/Users/harbor/.codex/worktrees/4f87/NovaRocks/logs/baseline/20260622-231416-tpc-baseline/plans/analyze/tpc-ds/q62.result
tpc-ds,q62,1,2,4,"HASH JOIN (BROADCAST, INNER, eq: [ws_ship_date_sk = d_date_sk])",144197,5.7ms,0.0057,8.2MB,10,/Users/harbor/.codex/worktrees/4f87/NovaRocks/logs/baseline/20260622-231416-tpc-baseline/plans/analyze/tpc-ds/q62.result
tpc-ds,q62,1,3,14,"PROJECT [ws_sold_date_sk, ws_ship_date_sk, ws_web_site_sk, ws_ship_mode_sk, ws_warehouse_sk, w_warehouse_sk, w_warehouse_name, sm_ship_mode_sk, sm_type, web_site_sk, web_name, d_date_sk, d_month_seq, ws_ship_date_sk - ws_sold_date_sk AS __cse_0]",143099,3.8ms,0.0038,12.9MB,2,/Users/harbor/.codex/worktrees/4f87/NovaRocks/logs/baseline/20260622-231416-tpc-baseline/plans/analyze/tpc-ds/q62.result
tpc-ds,q62,1,4,13,"HASH JOIN (BROADCAST, INNER, eq: [ws_warehouse_sk = w_warehouse_sk])",143114,3.6ms,0.0036,10.2MB,4,/Users/harbor/.codex/worktrees/4f87/NovaRocks/logs/baseline/20260622-231416-tpc-baseline/plans/analyze/tpc-ds/q62.result
tpc-ds,q62,1,5,10,"HASH JOIN (BROADCAST, INNER, eq: [ws_web_site_sk = web_site_sk])",143189,2.1ms,0.0021,7.7MB,6,/Users/harbor/.codex/worktrees/4f87/NovaRocks/logs/baseline/20260622-231416-tpc-baseline/plans/analyze/tpc-ds/q62.result
tpc-ds,q63,1,1,11,"HASH AGGREGATE (LOCAL, group by: [tmp1.i_manager_id, d_moy])",21148,55.7ms,0.0557,2.0MB,0,/Users/harbor/.codex/worktrees/4f87/NovaRocks/logs/baseline/20260622-231416-tpc-baseline/plans/analyze/tpc-ds/q63.result
tpc-ds,q63,1,2,4,"HASH JOIN (BROADCAST, INNER, eq: [ss_item_sk = i_item_sk])",114819,42.7ms,0.0427,18.2MB,6,/Users/harbor/.codex/worktrees/4f87/NovaRocks/logs/baseline/20260622-231416-tpc-baseline/plans/analyze/tpc-ds/q63.result
tpc-ds,q63,1,3,1,SCAN tpcds.store_sales,2685687,15.8ms,0.0158,0B,8,/Users/harbor/.codex/worktrees/4f87/NovaRocks/logs/baseline/20260622-231416-tpc-baseline/plans/analyze/tpc-ds/q63.result
tpc-ds,q63,1,4,7,"HASH JOIN (BROADCAST, INNER, eq: [ss_sold_date_sk = d_date_sk])",20382,10.3ms,0.0103,1.4MB,4,/Users/harbor/.codex/worktrees/4f87/NovaRocks/logs/baseline/20260622-231416-tpc-baseline/plans/analyze/tpc-ds/q63.result
tpc-ds,q63,1,5,10,"HASH JOIN (BROADCAST, INNER, eq: [ss_store_sk = s_store_sk])",19320,5.4ms,0.0054,577.8KB,2,/Users/harbor/.codex/worktrees/4f87/NovaRocks/logs/baseline/20260622-231416-tpc-baseline/plans/analyze/tpc-ds/q63.result
tpc-ds,q64,1,1,24,"HASH JOIN (BROADCAST, INNER, eq: [c_first_shipto_date_sk = d3.d_date_sk])",312601,2.0s,2,53.1MB,0,/Users/harbor/.codex/worktrees/4f87/NovaRocks/logs/baseline/20260622-231416-tpc-baseline/plans/analyze/tpc-ds/q64.result
tpc-ds,q64,1,2,26,"HASH JOIN (BROADCAST, INNER, eq: [ss_customer_sk = c_customer_sk])",701577,909.8ms,0.9098,1.4GB,12,/Users/harbor/.codex/worktrees/4f87/NovaRocks/logs/baseline/20260622-231416-tpc-baseline/plans/analyze/tpc-ds/q64.result
tpc-ds,q64,1,3,21,"HASH JOIN (BROADCAST, INNER, eq: [c_first_sales_date_sk = d2.d_date_sk])",312601,410.1ms,0.4101,42.2MB,2,/Users/harbor/.codex/worktrees/4f87/NovaRocks/logs/baseline/20260622-231416-tpc-baseline/plans/analyze/tpc-ds/q64.result
tpc-ds,q64,1,4,39,"HASH JOIN (BROADCAST, INNER, eq: [cs_item_sk = cr_item_sk, cs_order_number = cr_order_number])",576268,338.1ms,0.3381,112.5MB,2,/Users/harbor/.codex/worktrees/4f87/NovaRocks/logs/baseline/20260622-231416-tpc-baseline/plans/analyze/tpc-ds/q64.result
tpc-ds,q64,1,5,18,"HASH JOIN (BROADCAST, INNER, eq: [c_current_addr_sk = ad2.ca_address_sk])",243454,318.2ms,0.3182,36.5MB,4,/Users/harbor/.codex/worktrees/4f87/NovaRocks/logs/baseline/20260622-231416-tpc-baseline/plans/analyze/tpc-ds/q64.result
tpc-ds,q65,1,1,26,"HASH AGGREGATE (LOCAL, group by: [ss_store_sk, ss_item_sk])",693808,83.4ms,0.0834,24.0MB,0,/Users/harbor/.codex/worktrees/4f87/NovaRocks/logs/baseline/20260622-231416-tpc-baseline/plans/analyze/tpc-ds/q65.result
tpc-ds,q65,1,2,25,"HASH JOIN (BROADCAST, INNER, eq: [ss_sold_date_sk = d_date_sk])",538811,42.1ms,0.0421,6.4MB,2,/Users/harbor/.codex/worktrees/4f87/NovaRocks/logs/baseline/20260622-231416-tpc-baseline/plans/analyze/tpc-ds/q65.result
tpc-ds,q65,1,3,32,"HASH JOIN (BROADCAST, INNER, eq: [sb.ss_store_sk = sc.ss_store_sk, s_store_sk = sc.ss_store_sk, i_item_sk = sc.ss_item_sk])",54111,41.9ms,0.0419,10.5MB,4,/Users/harbor/.codex/worktrees/4f87/NovaRocks/logs/baseline/20260622-231416-tpc-baseline/plans/analyze/tpc-ds/q65.result
tpc-ds,q65,1,4,9,"HASH JOIN (BROADCAST, INNER, eq: [ss_sold_date_sk = d_date_sk])",538811,40.4ms,0.0404,6.4MB,2,/Users/harbor/.codex/worktrees/4f87/NovaRocks/logs/baseline/20260622-231416-tpc-baseline/plans/analyze/tpc-ds/q65.result
tpc-ds,q65,1,5,10,"HASH AGGREGATE (LOCAL, group by: [ss_store_sk, ss_item_sk])",693808,26.8ms,0.0268,22.7MB,0,/Users/harbor/.codex/worktrees/4f87/NovaRocks/logs/baseline/20260622-231416-tpc-baseline/plans/analyze/tpc-ds/q65.result
tpc-ds,q66,1,1,32,"PROJECT [cs_sold_date_sk, cs_sold_time_sk, cs_ship_mode_sk, cs_warehouse_sk, cs_quantity, cs_sales_price, cs_net_paid_inc_tax, w_warehouse_sk, w_warehouse_name, w_warehouse_sq_ft, w_city, w_county, w_state, w_country, d_date_sk, year AS d_year, d_moy, t_time_sk, t_time, sm_ship_mode_sk, sm_carrier, CAST(0 AS Decimal128(26, 2)) AS __cse_0, d_moy = 1 AS __cse_1, cs_sales_price * cs_quantity AS __cse_2, d_moy = 2 AS __cse_3, d_moy = 3 AS __cse_4, d_moy = 4 AS __cse_5, d_moy = 5 AS __cse_6, d_moy = 6 AS __cse_7, d_moy = 7 AS __cse_8, d_moy = 8 AS __cse_9, d_moy = 9 AS __cse_10, d_moy = 10 AS __cse_11, d_moy = 11 AS __cse_12, d_moy = 12 AS __cse_13, cs_net_paid_inc_tax * cs_quantity AS __cse_14]",10804,85.6ms,0.0856,146.5KB,2,/Users/harbor/.codex/worktrees/4f87/NovaRocks/logs/baseline/20260622-231416-tpc-baseline/plans/analyze/tpc-ds/q66.result
tpc-ds,q66,1,2,14,"PROJECT [ws_sold_date_sk, ws_sold_time_sk, ws_ship_mode_sk, ws_warehouse_sk, ws_quantity, ws_ext_sales_price, ws_net_paid, w_warehouse_sk, w_warehouse_name, w_warehouse_sq_ft, w_city, w_county, w_state, w_country, d_date_sk, year AS d_year, d_moy, t_time_sk, t_time, sm_ship_mode_sk, sm_carrier, CAST(0 AS Decimal128(26, 2)) AS __cse_0, d_moy = 1 AS __cse_1, ws_ext_sales_price * ws_quantity AS __cse_2, d_moy = 2 AS __cse_3, d_moy = 3 AS __cse_4, d_moy = 4 AS __cse_5, d_moy = 5 AS __cse_6, d_moy = 6 AS __cse_7, d_moy = 7 AS __cse_8, d_moy = 8 AS __cse_9, d_moy = 9 AS __cse_10, d_moy = 10 AS __cse_11, d_moy = 11 AS __cse_12, d_moy = 12 AS __cse_13, ws_net_paid * ws_quantity AS __cse_14]",5515,75.7ms,0.0757,134.7KB,2,/Users/harbor/.codex/worktrees/4f87/NovaRocks/logs/baseline/20260622-231416-tpc-baseline/plans/analyze/tpc-ds/q66.result
tpc-ds,q66,1,3,31,"HASH JOIN (BROADCAST, INNER, eq: [cs_warehouse_sk = w_warehouse_sk])",10819,13.6ms,0.0136,123.5KB,4,/Users/harbor/.codex/worktrees/4f87/NovaRocks/logs/baseline/20260622-231416-tpc-baseline/plans/analyze/tpc-ds/q66.result
tpc-ds,q66,1,4,25,"HASH JOIN (BROADCAST, INNER, eq: [cs_sold_date_sk = d_date_sk])",29705,13.4ms,0.0134,1.4MB,8,/Users/harbor/.codex/worktrees/4f87/NovaRocks/logs/baseline/20260622-231416-tpc-baseline/plans/analyze/tpc-ds/q66.result
tpc-ds,q66,1,5,10,"HASH JOIN (BROADCAST, INNER, eq: [ws_sold_time_sk = t_time_sk])",91918,11.5ms,0.0115,18.6MB,6,/Users/harbor/.codex/worktrees/4f87/NovaRocks/logs/baseline/20260622-231416-tpc-baseline/plans/analyze/tpc-ds/q66.result
tpc-ds,q67,1,1,13,"HASH AGGREGATE (LOCAL, group by: [dw2.i_category, dw2.i_class, dw2.i_brand, dw2.i_product_name, dw2.d_year, dw2.d_qoy, dw2.d_moy, dw2.s_store_id, __grouping_fn_0])",5614288,364.3ms,0.3643,297.9MB,0,/Users/harbor/.codex/worktrees/4f87/NovaRocks/logs/baseline/20260622-231416-tpc-baseline/plans/analyze/tpc-ds/q67.result
tpc-ds,q67,1,2,19,"SORT BY [i_category ASC NULLS FIRST, sumsales DESC NULLS LAST] partition_limit=100 topn_type=RANK",506142,125.2ms,0.1252,58.5MB,6,/Users/harbor/.codex/worktrees/4f87/NovaRocks/logs/baseline/20260622-231416-tpc-baseline/plans/analyze/tpc-ds/q67.result
tpc-ds,q67,1,3,11,"PROJECT [i_category, i_class, i_brand, i_product_name, d_year, d_qoy, d_moy, s_store_id, ss_sales_price, ss_quantity, i_category AS __repeat_group_key_0, i_class AS __repeat_group_key_1, i_brand AS __repeat_group_key_2, i_product_name AS __repeat_group_key_3, d_year AS __repeat_group_key_4, d_qoy AS __repeat_group_key_5, d_moy AS __repeat_group_key_6, s_store_id AS __repeat_group_key_7]",540754,85.4ms,0.0854,7.0MB,4,/Users/harbor/.codex/worktrees/4f87/NovaRocks/logs/baseline/20260622-231416-tpc-baseline/plans/analyze/tpc-ds/q67.result
tpc-ds,q67,1,4,15,"HASH AGGREGATE (GLOBAL, group by: [dw2.i_category, dw2.i_class, dw2.i_brand, dw2.i_product_name, dw2.d_year, dw2.d_qoy, dw2.d_moy, dw2.s_store_id, __grouping_fn_0])",1252539,36.6ms,0.0366,123.0MB,4,/Users/harbor/.codex/worktrees/4f87/NovaRocks/logs/baseline/20260622-231416-tpc-baseline/plans/analyze/tpc-ds/q67.result
tpc-ds,q67,1,5,10,"HASH JOIN (BROADCAST, INNER, eq: [ss_item_sk = i_item_sk])",594754,34.4ms,0.0344,30.7MB,6,/Users/harbor/.codex/worktrees/4f87/NovaRocks/logs/baseline/20260622-231416-tpc-baseline/plans/analyze/tpc-ds/q67.result
tpc-ds,q68,1,1,18,"HASH AGGREGATE (LOCAL, group by: [ss_ticket_number, ss_customer_sk, store_sales.ss_addr_sk, bought_city])",27421,81.2ms,0.0812,2.5MB,0,/Users/harbor/.codex/worktrees/4f87/NovaRocks/logs/baseline/20260622-231416-tpc-baseline/plans/analyze/tpc-ds/q68.result
tpc-ds,q68,1,2,14,"HASH JOIN (PARTITIONED, INNER, eq: [store_sales.ss_addr_sk = customer_address.ca_address_sk])",100270,61.1ms,0.0611,14.3MB,4,/Users/harbor/.codex/worktrees/4f87/NovaRocks/logs/baseline/20260622-231416-tpc-baseline/plans/analyze/tpc-ds/q68.result
tpc-ds,q68,1,3,10,"HASH JOIN (BROADCAST, INNER, eq: [store_sales.ss_hdemo_sk = household_demographics.hd_demo_sk])",30535,55.9ms,0.0559,15.6MB,0,/Users/harbor/.codex/worktrees/4f87/NovaRocks/logs/baseline/20260622-231416-tpc-baseline/plans/analyze/tpc-ds/q68.result
tpc-ds,q68,1,4,28,"LOCAL TOP-N (limit=100, offset=0) [c_last_name ASC NULLS FIRST, ss_ticket_number ASC NULLS FIRST]",2437,54.9ms,0.0549,98.2KB,0,/Users/harbor/.codex/worktrees/4f87/NovaRocks/logs/baseline/20260622-231416-tpc-baseline/plans/analyze/tpc-ds/q68.result
tpc-ds,q68,1,5,27,"PROJECT [c_last_name, c_first_name, ca_city, bought_city, ss_ticket_number, extended_price, extended_tax, list_price]",2137,44.0ms,0.044,10.0KB,2,/Users/harbor/.codex/worktrees/4f87/NovaRocks/logs/baseline/20260622-231416-tpc-baseline/plans/analyze/tpc-ds/q68.result
tpc-ds,q69,1,1,28,"HASH JOIN (BROADCAST, LEFT ANTI, eq: [c.c_customer_sk = catalog_sales.cs_ship_customer_sk])",124713,151.4ms,0.1514,2.8MB,2,/Users/harbor/.codex/worktrees/4f87/NovaRocks/logs/baseline/20260622-231416-tpc-baseline/plans/analyze/tpc-ds/q69.result
tpc-ds,q69,1,2,15,SCAN tpcds.web_sales,719195,36.1ms,0.0361,0B,4,/Users/harbor/.codex/worktrees/4f87/NovaRocks/logs/baseline/20260622-231416-tpc-baseline/plans/analyze/tpc-ds/q69.result
tpc-ds,q69,1,3,11,"HASH JOIN (BROADCAST, INNER, eq: [store_sales.ss_sold_date_sk = date_dim.d_date_sk])",77758,35.3ms,0.0353,7.3MB,2,/Users/harbor/.codex/worktrees/4f87/NovaRocks/logs/baseline/20260622-231416-tpc-baseline/plans/analyze/tpc-ds/q69.result
tpc-ds,q69,1,4,25,"HASH JOIN (BROADCAST, INNER, eq: [catalog_sales.cs_sold_date_sk = date_dim.d_date_sk])",41651,19.0ms,0.019,7.6MB,2,/Users/harbor/.codex/worktrees/4f87/NovaRocks/logs/baseline/20260622-231416-tpc-baseline/plans/analyze/tpc-ds/q69.result
tpc-ds,q69,1,5,8,SCAN tpcds.store_sales,2685453,18.6ms,0.0186,0B,4,/Users/harbor/.codex/worktrees/4f87/NovaRocks/logs/baseline/20260622-231416-tpc-baseline/plans/analyze/tpc-ds/q69.result
tpc-ds,q7,1,1,13,"HASH JOIN (BROADCAST, INNER, eq: [ss_item_sk = i_item_sk])",61747,94.4ms,0.0944,12.5MB,2,/Users/harbor/.codex/worktrees/4f87/NovaRocks/logs/baseline/20260622-231416-tpc-baseline/plans/analyze/tpc-ds/q7.result
tpc-ds,q7,1,2,4,"HASH JOIN (BROADCAST, INNER, eq: [ss_cdemo_sk = cd_demo_sk])",120323,38.8ms,0.0388,25.5MB,8,/Users/harbor/.codex/worktrees/4f87/NovaRocks/logs/baseline/20260622-231416-tpc-baseline/plans/analyze/tpc-ds/q7.result
tpc-ds,q7,1,3,14,"HASH AGGREGATE (LOCAL, group by: [i_item_id])",14376,32.0ms,0.032,2.7MB,0,/Users/harbor/.codex/worktrees/4f87/NovaRocks/logs/baseline/20260622-231416-tpc-baseline/plans/analyze/tpc-ds/q7.result
tpc-ds,q7,1,4,1,SCAN tpcds.store_sales,2653108,10.2ms,0.0102,0B,10,/Users/harbor/.codex/worktrees/4f87/NovaRocks/logs/baseline/20260622-231416-tpc-baseline/plans/analyze/tpc-ds/q7.result
tpc-ds,q7,1,5,2,SCAN tpcds.customer_demographics,27440,10.0ms,0.01,3.1MB,0,/Users/harbor/.codex/worktrees/4f87/NovaRocks/logs/baseline/20260622-231416-tpc-baseline/plans/analyze/tpc-ds/q7.result
tpc-ds,q70,1,1,11,"HASH JOIN (BROADCAST, INNER, eq: [ss_store_sk = s_store_sk])",2685723,399.1ms,0.3991,17.8MB,4,/Users/harbor/.codex/worktrees/4f87/NovaRocks/logs/baseline/20260622-231416-tpc-baseline/plans/analyze/tpc-ds/q70.result
tpc-ds,q70,1,2,15,"HASH AGGREGATE (LOCAL, group by: [tmp1.s_state])",540757,129.9ms,0.1299,62.5MB,0,/Users/harbor/.codex/worktrees/4f87/NovaRocks/logs/baseline/20260622-231416-tpc-baseline/plans/analyze/tpc-ds/q70.result
tpc-ds,q70,1,3,14,"HASH JOIN (BROADCAST, INNER, eq: [ss_sold_date_sk = d_date_sk])",541852,122.3ms,0.1223,40.5MB,2,/Users/harbor/.codex/worktrees/4f87/NovaRocks/logs/baseline/20260622-231416-tpc-baseline/plans/analyze/tpc-ds/q70.result
tpc-ds,q70,1,4,8,SCAN tpcds.store_sales,2685687,58.9ms,0.0589,0B,6,/Users/harbor/.codex/worktrees/4f87/NovaRocks/logs/baseline/20260622-231416-tpc-baseline/plans/analyze/tpc-ds/q70.result
tpc-ds,q70,1,5,4,"HASH JOIN (BROADCAST, INNER, eq: [ss_sold_date_sk = d1.d_date_sk])",541852,51.1ms,0.0511,6.3MB,10,/Users/harbor/.codex/worktrees/4f87/NovaRocks/logs/baseline/20260622-231416-tpc-baseline/plans/analyze/tpc-ds/q70.result
tpc-ds,q71,1,1,16,"HASH JOIN (BROADCAST, INNER, eq: [sold_date_sk = d_date_sk])",85154,45.1ms,0.0451,10.0MB,74,/Users/harbor/.codex/worktrees/4f87/NovaRocks/logs/baseline/20260622-231416-tpc-baseline/plans/analyze/tpc-ds/q71.result
tpc-ds,q71,1,2,18,UNION ALL,309038,22.0ms,0.022,1.3MB,70,/Users/harbor/.codex/worktrees/4f87/NovaRocks/logs/baseline/20260622-231416-tpc-baseline/plans/analyze/tpc-ds/q71.result
tpc-ds,q71,1,3,10,"HASH JOIN (BROADCAST, INNER, eq: [sold_date_sk = d_date_sk])",8974,7.7ms,0.0077,8.2MB,76,/Users/harbor/.codex/worktrees/4f87/NovaRocks/logs/baseline/20260622-231416-tpc-baseline/plans/analyze/tpc-ds/q71.result
tpc-ds,q71,1,4,5,"HASH JOIN (BROADCAST, INNER, eq: [sold_date_sk = d_date_sk])",9873,7.0ms,0.007,9.1MB,76,/Users/harbor/.codex/worktrees/4f87/NovaRocks/logs/baseline/20260622-231416-tpc-baseline/plans/analyze/tpc-ds/q71.result
tpc-ds,q71,1,5,55,"HASH JOIN (BROADCAST, INNER, eq: [sold_item_sk = i_item_sk])",3665,6.0ms,0.006,2.0MB,0,/Users/harbor/.codex/worktrees/4f87/NovaRocks/logs/baseline/20260622-231416-tpc-baseline/plans/analyze/tpc-ds/q71.result
tpc-ds,q72,1,1,19,"HASH JOIN (BROADCAST, INNER, eq: [cs_bill_cdemo_sk = cd_demo_sk])",1154560,687.9ms,0.6879,215.2MB,6,/Users/harbor/.codex/worktrees/4f87/NovaRocks/logs/baseline/20260622-231416-tpc-baseline/plans/analyze/tpc-ds/q72.result
tpc-ds,q72,1,2,16,"HASH JOIN (BROADCAST, INNER, eq: [cs_ship_date_sk = d3.d_date_sk])",229629,189.6ms,0.1896,43.0MB,8,/Users/harbor/.codex/worktrees/4f87/NovaRocks/logs/baseline/20260622-231416-tpc-baseline/plans/analyze/tpc-ds/q72.result
tpc-ds,q72,1,3,13,"HASH JOIN (BROADCAST, INNER, eq: [inv_item_sk = cs_item_sk, d1.d_date_sk = cs_sold_date_sk])",723902,171.7ms,0.1717,289.3MB,10,/Users/harbor/.codex/worktrees/4f87/NovaRocks/logs/baseline/20260622-231416-tpc-baseline/plans/analyze/tpc-ds/q72.result
tpc-ds,q72,1,4,7,"HASH JOIN (BROADCAST, INNER, eq: [inv_date_sk = d2.d_date_sk])",16432665,100.2ms,0.1002,9.0MB,12,/Users/harbor/.codex/worktrees/4f87/NovaRocks/logs/baseline/20260622-231416-tpc-baseline/plans/analyze/tpc-ds/q72.result
tpc-ds,q72,1,5,11,"HASH JOIN (BROADCAST, INNER, eq: [cs_bill_hdemo_sk = hd_demo_sk])",241254,62.4ms,0.0624,58.8MB,0,/Users/harbor/.codex/worktrees/4f87/NovaRocks/logs/baseline/20260622-231416-tpc-baseline/plans/analyze/tpc-ds/q72.result
tpc-ds,q73,1,1,5,"HASH JOIN (BROADCAST, INNER, eq: [store_sales.ss_sold_date_sk = date_dim.d_date_sk])",105044,38.7ms,0.0387,5.2MB,6,/Users/harbor/.codex/worktrees/4f87/NovaRocks/logs/baseline/20260622-231416-tpc-baseline/plans/analyze/tpc-ds/q73.result
tpc-ds,q73,1,2,2,SCAN tpcds.store_sales,2653156,23.6ms,0.0236,0B,8,/Users/harbor/.codex/worktrees/4f87/NovaRocks/logs/baseline/20260622-231416-tpc-baseline/plans/analyze/tpc-ds/q73.result
tpc-ds,q73,1,3,12,"HASH AGGREGATE (LOCAL, group by: [ss_ticket_number, ss_customer_sk])",16878,19.9ms,0.0199,3.2MB,0,/Users/harbor/.codex/worktrees/4f87/NovaRocks/logs/baseline/20260622-231416-tpc-baseline/plans/analyze/tpc-ds/q73.result
tpc-ds,q73,1,4,8,"HASH JOIN (BROADCAST, INNER, eq: [store_sales.ss_store_sk = store.s_store_sk])",104864,3.0ms,0.003,7.6MB,4,/Users/harbor/.codex/worktrees/4f87/NovaRocks/logs/baseline/20260622-231416-tpc-baseline/plans/analyze/tpc-ds/q73.result
tpc-ds,q73,1,5,11,"HASH JOIN (BROADCAST, INNER, eq: [store_sales.ss_hdemo_sk = household_demographics.hd_demo_sk])",18517,2.0ms,0.002,12.5MB,2,/Users/harbor/.codex/worktrees/4f87/NovaRocks/logs/baseline/20260622-231416-tpc-baseline/plans/analyze/tpc-ds/q73.result
tpc-ds,q74,1,1,15,"HASH JOIN (BROADCAST, INNER, eq: [ws_bill_customer_sk = c_customer_sk])",1019119,197.5ms,0.1975,73.3MB,4,/Users/harbor/.codex/worktrees/4f87/NovaRocks/logs/baseline/20260622-231416-tpc-baseline/plans/analyze/tpc-ds/q74.result
tpc-ds,q74,1,2,4,"HASH JOIN (BROADCAST, INNER, eq: [ss_customer_sk = c_customer_sk])",2985453,163.6ms,0.1636,72.9MB,4,/Users/harbor/.codex/worktrees/4f87/NovaRocks/logs/baseline/20260622-231416-tpc-baseline/plans/analyze/tpc-ds/q74.result
tpc-ds,q74,1,3,8,"HASH AGGREGATE (LOCAL, group by: [customer_id, customer_first_name, customer_last_name, year])",1161090,131.8ms,0.1318,21.2MB,0,/Users/harbor/.codex/worktrees/4f87/NovaRocks/logs/baseline/20260622-231416-tpc-baseline/plans/analyze/tpc-ds/q74.result
tpc-ds,q74,1,4,19,"HASH AGGREGATE (LOCAL, group by: [customer_id, customer_first_name, customer_last_name, year])",314136,61.1ms,0.0611,7.9MB,0,/Users/harbor/.codex/worktrees/4f87/NovaRocks/logs/baseline/20260622-231416-tpc-baseline/plans/analyze/tpc-ds/q74.result
tpc-ds,q74,1,5,7,"HASH JOIN (BROADCAST, INNER, eq: [ss_sold_date_sk = d_date_sk])",1072051,52.2ms,0.0522,1.7MB,2,/Users/harbor/.codex/worktrees/4f87/NovaRocks/logs/baseline/20260622-231416-tpc-baseline/plans/analyze/tpc-ds/q74.result
tpc-ds,q75,1,1,27,UNION ALL,819316,2.1s,2.1,6.1MB,0,/Users/harbor/.codex/worktrees/4f87/NovaRocks/logs/baseline/20260622-231416-tpc-baseline/plans/analyze/tpc-ds/q75.result
tpc-ds,q75,1,2,25,"PROJECT [d_year, i_brand_id, i_class_id, i_category_id, i_manufact_id, ss_quantity - coalesce(sr_return_quantity, 0) AS sales_cnt, ss_ext_sales_price - coalesce(sr_return_amt, 0.0) AS sales_amt]",269449,2.1s,2.1,12.3MB,0,/Users/harbor/.codex/worktrees/4f87/NovaRocks/logs/baseline/20260622-231416-tpc-baseline/plans/analyze/tpc-ds/q75.result
tpc-ds,q75,1,3,12,"PROJECT [d_year, i_brand_id, i_class_id, i_category_id, i_manufact_id, cs_quantity - coalesce(cr_return_quantity, 0) AS sales_cnt, cs_ext_sales_price - coalesce(cr_return_amount, 0.0) AS sales_amt]",140209,1.5s,1.5,11.5MB,0,/Users/harbor/.codex/worktrees/4f87/NovaRocks/logs/baseline/20260622-231416-tpc-baseline/plans/analyze/tpc-ds/q75.result
tpc-ds,q75,1,4,29,"HASH AGGREGATE (SINGLE, group by: [d_year, i_brand_id, i_class_id, i_category_id, i_manufact_id, sales_cnt, sales_amt])",1226766,996.6ms,0.9966,66.4MB,2,/Users/harbor/.codex/worktrees/4f87/NovaRocks/logs/baseline/20260622-231416-tpc-baseline/plans/analyze/tpc-ds/q75.result
tpc-ds,q75,1,5,24,"HASH JOIN (PARTITIONED, LEFT OUTER, eq: [ss_ticket_number = sr_ticket_number, ss_item_sk = sr_item_sk])",826412,510.4ms,0.5104,61.4MB,2,/Users/harbor/.codex/worktrees/4f87/NovaRocks/logs/baseline/20260622-231416-tpc-baseline/plans/analyze/tpc-ds/q75.result
tpc-ds,q76,1,1,7,"HASH JOIN (BROADCAST, INNER, eq: [ss_sold_date_sk = d_date_sk])",283771,182.9ms,0.1829,43.1MB,10,/Users/harbor/.codex/worktrees/4f87/NovaRocks/logs/baseline/20260622-231416-tpc-baseline/plans/analyze/tpc-ds/q76.result
tpc-ds,q76,1,2,8,"PROJECT ['store' AS channel, 'ss_store_sk' AS col_name, d_year, d_qoy, i_category, ss_ext_sales_price AS ext_sales_price]",64624,109.8ms,0.1098,158.4KB,8,/Users/harbor/.codex/worktrees/4f87/NovaRocks/logs/baseline/20260622-231416-tpc-baseline/plans/analyze/tpc-ds/q76.result
tpc-ds,q76,1,3,25,"PROJECT ['catalog' AS channel, 'cs_ship_addr_sk' AS col_name, d_year, d_qoy, i_category, cs_ext_sales_price AS ext_sales_price]",3575,80.9ms,0.0809,3.9KB,6,/Users/harbor/.codex/worktrees/4f87/NovaRocks/logs/baseline/20260622-231416-tpc-baseline/plans/analyze/tpc-ds/q76.result
tpc-ds,q76,1,4,17,UNION ALL,129418,70.5ms,0.0705,40.8KB,6,/Users/harbor/.codex/worktrees/4f87/NovaRocks/logs/baseline/20260622-231416-tpc-baseline/plans/analyze/tpc-ds/q76.result
tpc-ds,q76,1,5,1,SCAN tpcds.store_sales,64624,65.8ms,0.0658,0B,14,/Users/harbor/.codex/worktrees/4f87/NovaRocks/logs/baseline/20260622-231416-tpc-baseline/plans/analyze/tpc-ds/q76.result
tpc-ds,q77,1,1,42,"HASH AGGREGATE (LOCAL, group by: [cs_call_center_sk, cs_sold_date_sk])",1441504,77.6ms,0.0776,11.5MB,0,/Users/harbor/.codex/worktrees/4f87/NovaRocks/logs/baseline/20260622-231416-tpc-baseline/plans/analyze/tpc-ds/q77.result
tpc-ds,q77,1,2,61,"HASH JOIN (BROADCAST, INNER, eq: [ws_web_page_sk = wp_web_page_sk])",16401,38.4ms,0.0384,2.7MB,2,/Users/harbor/.codex/worktrees/4f87/NovaRocks/logs/baseline/20260622-231416-tpc-baseline/plans/analyze/tpc-ds/q77.result
tpc-ds,q77,1,3,55,SCAN tpcds.web_sales,719106,13.7ms,0.0137,0B,6,/Users/harbor/.codex/worktrees/4f87/NovaRocks/logs/baseline/20260622-231416-tpc-baseline/plans/analyze/tpc-ds/q77.result
tpc-ds,q77,1,4,73,"HASH JOIN (BROADCAST, INNER, eq: [wr_web_page_sk = wp_web_page_sk])",1205,12.7ms,0.0127,129.3KB,2,/Users/harbor/.codex/worktrees/4f87/NovaRocks/logs/baseline/20260622-231416-tpc-baseline/plans/analyze/tpc-ds/q77.result
tpc-ds,q77,1,5,4,"HASH JOIN (BROADCAST, INNER, eq: [ss_sold_date_sk = d_date_sk])",61980,12.7ms,0.0127,6.5MB,4,/Users/harbor/.codex/worktrees/4f87/NovaRocks/logs/baseline/20260622-231416-tpc-baseline/plans/analyze/tpc-ds/q77.result
tpc-ds,q78,1,1,47,"HASH JOIN (BROADCAST, LEFT OUTER, eq: [ss_sold_year = cs_sold_year, ss_item_sk = cs_item_sk, ss_customer_sk = cs_customer_sk])",4365768,691.8ms,0.6918,458.5MB,8,/Users/harbor/.codex/worktrees/4f87/NovaRocks/logs/baseline/20260622-231416-tpc-baseline/plans/analyze/tpc-ds/q78.result
tpc-ds,q78,1,2,31,"HASH JOIN (BROADCAST, LEFT OUTER, eq: [ss_sold_year = ws_sold_year, ss_item_sk = ws_item_sk, ss_customer_sk = ws_customer_sk])",2435273,396.2ms,0.3962,187.2MB,10,/Users/harbor/.codex/worktrees/4f87/NovaRocks/logs/baseline/20260622-231416-tpc-baseline/plans/analyze/tpc-ds/q78.result
tpc-ds,q78,1,3,19,"HASH JOIN (BROADCAST, LEFT OUTER, eq: [ws_order_number = wr_order_number, ws_item_sk = wr_item_sk])",1582121,395.8ms,0.3958,57.5MB,8,/Users/harbor/.codex/worktrees/4f87/NovaRocks/logs/baseline/20260622-231416-tpc-baseline/plans/analyze/tpc-ds/q78.result
tpc-ds,q78,1,4,4,"HASH JOIN (BROADCAST, LEFT OUTER, eq: [ss_ticket_number = sr_ticket_number, ss_item_sk = sr_item_sk])",6218707,268.2ms,0.2682,180.5MB,8,/Users/harbor/.codex/worktrees/4f87/NovaRocks/logs/baseline/20260622-231416-tpc-baseline/plans/analyze/tpc-ds/q78.result
tpc-ds,q78,1,5,10,"HASH AGGREGATE (LOCAL, group by: [ss_sold_year, ss_item_sk, ss_customer_sk])",4940231,197.6ms,0.1976,539.0MB,0,/Users/harbor/.codex/worktrees/4f87/NovaRocks/logs/baseline/20260622-231416-tpc-baseline/plans/analyze/tpc-ds/q78.result
tpc-ds,q79,1,1,5,"HASH JOIN (BROADCAST, INNER, eq: [store_sales.ss_sold_date_sk = date_dim.d_date_sk])",226339,30.5ms,0.0305,7.1MB,6,/Users/harbor/.codex/worktrees/4f87/NovaRocks/logs/baseline/20260622-231416-tpc-baseline/plans/analyze/tpc-ds/q79.result
tpc-ds,q79,1,2,12,"HASH AGGREGATE (LOCAL, group by: [ss_ticket_number, ss_customer_sk, ss_addr_sk, store.s_city])",81856,12.5ms,0.0125,7.1MB,0,/Users/harbor/.codex/worktrees/4f87/NovaRocks/logs/baseline/20260622-231416-tpc-baseline/plans/analyze/tpc-ds/q79.result
tpc-ds,q79,1,3,2,SCAN tpcds.store_sales,2636740,9.7ms,0.0097,0B,8,/Users/harbor/.codex/worktrees/4f87/NovaRocks/logs/baseline/20260622-231416-tpc-baseline/plans/analyze/tpc-ds/q79.result
tpc-ds,q79,1,4,11,"HASH JOIN (BROADCAST, INNER, eq: [store_sales.ss_hdemo_sk = household_demographics.hd_demo_sk])",83344,6.3ms,0.0063,10.8MB,2,/Users/harbor/.codex/worktrees/4f87/NovaRocks/logs/baseline/20260622-231416-tpc-baseline/plans/analyze/tpc-ds/q79.result
tpc-ds,q79,1,5,8,"HASH JOIN (BROADCAST, INNER, eq: [store_sales.ss_store_sk = store.s_store_sk])",187212,5.9ms,0.0059,6.9MB,4,/Users/harbor/.codex/worktrees/4f87/NovaRocks/logs/baseline/20260622-231416-tpc-baseline/plans/analyze/tpc-ds/q79.result
tpc-ds,q8,1,1,16,"HASH AGGREGATE (LOCAL, group by: [ca_zip])",53496,93.0ms,0.093,1.9MB,0,/Users/harbor/.codex/worktrees/4f87/NovaRocks/logs/baseline/20260622-231416-tpc-baseline/plans/analyze/tpc-ds/q8.result
tpc-ds,q8,1,2,4,"HASH JOIN (BROADCAST, INNER, eq: [ss_sold_date_sk = d_date_sk])",77503,79.1ms,0.0791,6.7MB,6,/Users/harbor/.codex/worktrees/4f87/NovaRocks/logs/baseline/20260622-231416-tpc-baseline/plans/analyze/tpc-ds/q8.result
tpc-ds,q8,1,3,15,"HASH JOIN (PARTITIONED, INNER, eq: [ca_address_sk = c_current_addr_sk])",144856,56.6ms,0.0566,15.1MB,2,/Users/harbor/.codex/worktrees/4f87/NovaRocks/logs/baseline/20260622-231416-tpc-baseline/plans/analyze/tpc-ds/q8.result
tpc-ds,q8,1,4,13,SCAN tpcds.customer,47428,22.7ms,0.0227,5.4MB,0,/Users/harbor/.codex/worktrees/4f87/NovaRocks/logs/baseline/20260622-231416-tpc-baseline/plans/analyze/tpc-ds/q8.result
tpc-ds,q8,1,5,1,SCAN tpcds.store_sales,2685687,16.0ms,0.016,0B,8,/Users/harbor/.codex/worktrees/4f87/NovaRocks/logs/baseline/20260622-231416-tpc-baseline/plans/analyze/tpc-ds/q8.result
tpc-ds,q80,1,1,4,"HASH JOIN (BROADCAST, LEFT OUTER, eq: [ss_item_sk = sr_item_sk, ss_ticket_number = sr_ticket_number])",3515967,424.7ms,0.4247,197.1MB,10,/Users/harbor/.codex/worktrees/4f87/NovaRocks/logs/baseline/20260622-231416-tpc-baseline/plans/analyze/tpc-ds/q80.result
tpc-ds,q80,1,2,26,"HASH JOIN (BROADCAST, LEFT OUTER, eq: [cs_item_sk = cr_item_sk, cs_order_number = cr_order_number])",1861236,137.6ms,0.1376,102.9MB,10,/Users/harbor/.codex/worktrees/4f87/NovaRocks/logs/baseline/20260622-231416-tpc-baseline/plans/analyze/tpc-ds/q80.result
tpc-ds,q80,1,3,49,"HASH JOIN (BROADCAST, LEFT OUTER, eq: [ws_item_sk = wr_item_sk, ws_order_number = wr_order_number])",934346,101.7ms,0.1017,57.4MB,10,/Users/harbor/.codex/worktrees/4f87/NovaRocks/logs/baseline/20260622-231416-tpc-baseline/plans/analyze/tpc-ds/q80.result
tpc-ds,q80,1,4,29,"HASH JOIN (BROADCAST, INNER, eq: [cs_promo_sk = p_promo_sk])",1401521,91.1ms,0.0911,8.7MB,8,/Users/harbor/.codex/worktrees/4f87/NovaRocks/logs/baseline/20260622-231416-tpc-baseline/plans/analyze/tpc-ds/q80.result
tpc-ds,q80,1,5,7,"HASH JOIN (BROADCAST, INNER, eq: [ss_promo_sk = p_promo_sk])",2600919,60.5ms,0.0605,9.4MB,8,/Users/harbor/.codex/worktrees/4f87/NovaRocks/logs/baseline/20260622-231416-tpc-baseline/plans/analyze/tpc-ds/q80.result
tpc-ds,q81,1,1,49,NEST LOOP JOIN (CROSS),67906697,1.8s,1.8,1018.8KB,12,/Users/harbor/.codex/worktrees/4f87/NovaRocks/logs/baseline/20260622-231416-tpc-baseline/plans/analyze/tpc-ds/q81.result
tpc-ds,q81,1,2,52,"HASH JOIN (BROADCAST, INNER, eq: [ca_address_sk = c_current_addr_sk, ctr1.ctr_customer_sk = c_customer_sk])",101320,898.4ms,0.8984,27.8MB,10,/Users/harbor/.codex/worktrees/4f87/NovaRocks/logs/baseline/20260622-231416-tpc-baseline/plans/analyze/tpc-ds/q81.result
tpc-ds,q81,1,3,61,"TOP-N (limit=100) [c_customer_id ASC NULLS FIRST, c_salutation ASC NULLS FIRST, c_first_name ASC NULLS FIRST, c_last_name ASC NULLS FIRST, ca_street_number ASC NULLS FIRST, ca_street_name ASC NULLS FIRST, ca_street_type ASC NULLS FIRST, ca_suite_number ASC NULLS FIRST, ca_city ASC NULLS FIRST, ca_county ASC NULLS FIRST, ca_state ASC NULLS FIRST, ca_zip ASC NULLS FIRST, ca_country ASC NULLS FIRST, ca_gmt_offset ASC NULLS FIRST, ca_location_type ASC NULLS FIRST, ctr1.ctr_total_return ASC NULLS FIRST]",439,54.2ms,0.0542,63.0KB,4,/Users/harbor/.codex/worktrees/4f87/NovaRocks/logs/baseline/20260622-231416-tpc-baseline/plans/analyze/tpc-ds/q81.result
tpc-ds,q81,1,4,9,"HASH AGGREGATE (LOCAL, group by: [ctr_customer_sk, ctr_state])",56196,14.2ms,0.0142,4.2MB,0,/Users/harbor/.codex/worktrees/4f87/NovaRocks/logs/baseline/20260622-231416-tpc-baseline/plans/analyze/tpc-ds/q81.result
tpc-ds,q81,1,5,59,"HASH JOIN (BROADCAST, LEFT OUTER, eq: [ctr1.ctr_state = ctr2.ctr_state])",1711,3.1ms,0.0031,76.9KB,8,/Users/harbor/.codex/worktrees/4f87/NovaRocks/logs/baseline/20260622-231416-tpc-baseline/plans/analyze/tpc-ds/q81.result
tpc-ds,q82,1,1,11,"HASH AGGREGATE (LOCAL, group by: [i_item_id, i_item_desc, i_current_price])",8064,13.8ms,0.0138,1.1MB,0,/Users/harbor/.codex/worktrees/4f87/NovaRocks/logs/baseline/20260622-231416-tpc-baseline/plans/analyze/tpc-ds/q82.result
tpc-ds,q82,1,2,10,"HASH JOIN (BROADCAST, INNER, eq: [ss_item_sk = i_item_sk])",8160,10.4ms,0.0104,9.1MB,2,/Users/harbor/.codex/worktrees/4f87/NovaRocks/logs/baseline/20260622-231416-tpc-baseline/plans/analyze/tpc-ds/q82.result
tpc-ds,q82,1,3,3,SCAN tpcds.inventory,69430,6.9ms,0.0069,0B,2,/Users/harbor/.codex/worktrees/4f87/NovaRocks/logs/baseline/20260622-231416-tpc-baseline/plans/analyze/tpc-ds/q82.result
tpc-ds,q82,1,4,8,"HASH JOIN (BROADCAST, INNER, eq: [d_date_sk = inv_date_sk])",3325,4.0ms,0.004,4.0MB,0,/Users/harbor/.codex/worktrees/4f87/NovaRocks/logs/baseline/20260622-231416-tpc-baseline/plans/analyze/tpc-ds/q82.result
tpc-ds,q82,1,5,6,"HASH JOIN (BROADCAST, INNER, eq: [inv_item_sk = i_item_sk])",1109,3.2ms,0.0032,3.8MB,0,/Users/harbor/.codex/worktrees/4f87/NovaRocks/logs/baseline/20260622-231416-tpc-baseline/plans/analyze/tpc-ds/q82.result
tpc-ds,q83,1,1,7,"HASH JOIN (BROADCAST, INNER, eq: [wr_returned_date_sk = d_date_sk])",287783,278.1ms,0.2781,43.0MB,4,/Users/harbor/.codex/worktrees/4f87/NovaRocks/logs/baseline/20260622-231416-tpc-baseline/plans/analyze/tpc-ds/q83.result
tpc-ds,q83,1,2,29,"HASH JOIN (BROADCAST, INNER, eq: [cr_returned_date_sk = d_date_sk])",363214,61.2ms,0.0612,42.7MB,4,/Users/harbor/.codex/worktrees/4f87/NovaRocks/logs/baseline/20260622-231416-tpc-baseline/plans/analyze/tpc-ds/q83.result
tpc-ds,q83,1,3,48,"HASH JOIN (BROADCAST, INNER, eq: [sr_item_sk = i_item_sk])",331502,49.6ms,0.0496,14.7MB,6,/Users/harbor/.codex/worktrees/4f87/NovaRocks/logs/baseline/20260622-231416-tpc-baseline/plans/analyze/tpc-ds/q83.result
tpc-ds,q83,1,4,26,"HASH JOIN (BROADCAST, INNER, eq: [cr_item_sk = i_item_sk])",198067,43.1ms,0.0431,15.4MB,6,/Users/harbor/.codex/worktrees/4f87/NovaRocks/logs/baseline/20260622-231416-tpc-baseline/plans/analyze/tpc-ds/q83.result
tpc-ds,q83,1,5,51,"HASH JOIN (BROADCAST, INNER, eq: [sr_returned_date_sk = d_date_sk])",496649,42.7ms,0.0427,42.9MB,4,/Users/harbor/.codex/worktrees/4f87/NovaRocks/logs/baseline/20260622-231416-tpc-baseline/plans/analyze/tpc-ds/q83.result
tpc-ds,q84,1,1,3,SCAN tpcds.customer,17698,4.0ms,0.004,0B,4,/Users/harbor/.codex/worktrees/4f87/NovaRocks/logs/baseline/20260622-231416-tpc-baseline/plans/analyze/tpc-ds/q84.result
tpc-ds,q84,1,2,14,"HASH JOIN (BROADCAST, INNER, eq: [cd_demo_sk = c_current_cdemo_sk])",816,1.7ms,0.0017,5.7MB,0,/Users/harbor/.codex/worktrees/4f87/NovaRocks/logs/baseline/20260622-231416-tpc-baseline/plans/analyze/tpc-ds/q84.result
tpc-ds,q84,1,3,12,"HASH JOIN (BROADCAST, INNER, eq: [c_current_hdemo_sk = hd_demo_sk])",4524,1.2ms,0.0012,4.3MB,0,/Users/harbor/.codex/worktrees/4f87/NovaRocks/logs/baseline/20260622-231416-tpc-baseline/plans/analyze/tpc-ds/q84.result
tpc-ds,q84,1,4,16,"HASH JOIN (BROADCAST, INNER, eq: [sr_cdemo_sk = cd_demo_sk])",637,1.1ms,0.0011,5.5MB,4,/Users/harbor/.codex/worktrees/4f87/NovaRocks/logs/baseline/20260622-231416-tpc-baseline/plans/analyze/tpc-ds/q84.result
tpc-ds,q84,1,5,2,SCAN tpcds.customer_demographics,118981,394.8us,0.0003948,0B,2,/Users/harbor/.codex/worktrees/4f87/NovaRocks/logs/baseline/20260622-231416-tpc-baseline/plans/analyze/tpc-ds/q84.result
tpc-ds,q85,1,1,12,"PROJECT [wr_item_sk, wr_refunded_cdemo_sk, wr_refunded_addr_sk, wr_returning_cdemo_sk, wr_reason_sk, wr_order_number, wr_fee, wr_refunded_cash, ca_address_sk, ca_state, ca_country, ca_country = 'United States' AS __cse_0]",37797,84.4ms,0.0844,355.3KB,2,/Users/harbor/.codex/worktrees/4f87/NovaRocks/logs/baseline/20260622-231416-tpc-baseline/plans/analyze/tpc-ds/q85.result
tpc-ds,q85,1,2,13,"HASH JOIN (BROADCAST, INNER, eq: [ws_item_sk = wr_item_sk, ws_order_number = wr_order_number])",38092,16.4ms,0.0164,19.6MB,0,/Users/harbor/.codex/worktrees/4f87/NovaRocks/logs/baseline/20260622-231416-tpc-baseline/plans/analyze/tpc-ds/q85.result
tpc-ds,q85,1,3,10,"HASH JOIN (BROADCAST, INNER, eq: [wr_refunded_addr_sk = ca_address_sk])",41243,14.8ms,0.0148,13.6MB,0,/Users/harbor/.codex/worktrees/4f87/NovaRocks/logs/baseline/20260622-231416-tpc-baseline/plans/analyze/tpc-ds/q85.result
tpc-ds,q85,1,4,15,"HASH JOIN (BROADCAST, INNER, eq: [cd2.cd_demo_sk = wr_returning_cdemo_sk])",965,12.8ms,0.0128,4.3MB,0,/Users/harbor/.codex/worktrees/4f87/NovaRocks/logs/baseline/20260622-231416-tpc-baseline/plans/analyze/tpc-ds/q85.result
tpc-ds,q85,1,5,17,"HASH JOIN (BROADCAST, INNER, eq: [cd1.cd_demo_sk = wr_refunded_cdemo_sk, cd1.cd_marital_status = cd2.cd_marital_status, cd1.cd_education_status = cd2.cd_education_status])",256,3.6ms,0.0036,1.7MB,0,/Users/harbor/.codex/worktrees/4f87/NovaRocks/logs/baseline/20260622-231416-tpc-baseline/plans/analyze/tpc-ds/q85.result
tpc-ds,q86,1,1,10,"HASH AGGREGATE (LOCAL, group by: [i_category, i_class, __grouping_fn_0, __grouping_fn_1, __grouping_fn_2, __grouping_fn_3, __grouping_fn_4])",426945,8.0ms,0.008,3.1MB,0,/Users/harbor/.codex/worktrees/4f87/NovaRocks/logs/baseline/20260622-231416-tpc-baseline/plans/analyze/tpc-ds/q86.result
tpc-ds,q86,1,2,7,"HASH JOIN (BROADCAST, INNER, eq: [ws_item_sk = i_item_sk])",196182,5.2ms,0.0052,18.7MB,6,/Users/harbor/.codex/worktrees/4f87/NovaRocks/logs/baseline/20260622-231416-tpc-baseline/plans/analyze/tpc-ds/q86.result
tpc-ds,q86,1,3,4,"HASH JOIN (BROADCAST, INNER, eq: [ws_sold_date_sk = d1.d_date_sk])",143280,2.5ms,0.0025,5.7MB,8,/Users/harbor/.codex/worktrees/4f87/NovaRocks/logs/baseline/20260622-231416-tpc-baseline/plans/analyze/tpc-ds/q86.result
tpc-ds,q86,1,4,8,"PROJECT [i_category, i_class, ws_net_paid, i_category AS __repeat_group_key_0, i_class AS __repeat_group_key_1]",142182,1.8ms,0.0018,2.3MB,4,/Users/harbor/.codex/worktrees/4f87/NovaRocks/logs/baseline/20260622-231416-tpc-baseline/plans/analyze/tpc-ds/q86.result
tpc-ds,q86,1,5,9,REPEAT (3 grouping sets),426546,1.5ms,0.0015,186.4KB,2,/Users/harbor/.codex/worktrees/4f87/NovaRocks/logs/baseline/20260622-231416-tpc-baseline/plans/analyze/tpc-ds/q86.result
tpc-ds,q87,1,1,30,"HASH JOIN (BROADCAST, INNER, eq: [web_sales.ws_bill_customer_sk = customer.c_customer_sk])",442164,290.9ms,0.2909,66.6MB,4,/Users/harbor/.codex/worktrees/4f87/NovaRocks/logs/baseline/20260622-231416-tpc-baseline/plans/analyze/tpc-ds/q87.result
tpc-ds,q87,1,2,18,"HASH JOIN (BROADCAST, INNER, eq: [catalog_sales.cs_bill_customer_sk = customer.c_customer_sk])",586844,94.1ms,0.0941,68.6MB,4,/Users/harbor/.codex/worktrees/4f87/NovaRocks/logs/baseline/20260622-231416-tpc-baseline/plans/analyze/tpc-ds/q87.result
tpc-ds,q87,1,3,7,"HASH JOIN (BROADCAST, INNER, eq: [store_sales.ss_customer_sk = customer.c_customer_sk])",840806,63.3ms,0.0633,68.4MB,4,/Users/harbor/.codex/worktrees/4f87/NovaRocks/logs/baseline/20260622-231416-tpc-baseline/plans/analyze/tpc-ds/q87.result
tpc-ds,q87,1,4,8,"PROJECT [c_last_name, c_first_name, d_date]",540806,51.2ms,0.0512,973.5KB,2,/Users/harbor/.codex/worktrees/4f87/NovaRocks/logs/baseline/20260622-231416-tpc-baseline/plans/analyze/tpc-ds/q87.result
tpc-ds,q87,1,5,9,"HASH AGGREGATE (LOCAL, group by: [c_last_name, c_first_name, d_date])",590114,40.9ms,0.0409,5.0MB,0,/Users/harbor/.codex/worktrees/4f87/NovaRocks/logs/baseline/20260622-231416-tpc-baseline/plans/analyze/tpc-ds/q87.result
tpc-ds,q88,1,1,99,"HASH JOIN (BROADCAST, INNER, eq: [ss_hdemo_sk = household_demographics.hd_demo_sk])",711585,248.1ms,0.2481,8.3MB,6,/Users/harbor/.codex/worktrees/4f87/NovaRocks/logs/baseline/20260622-231416-tpc-baseline/plans/analyze/tpc-ds/q88.result
tpc-ds,q88,1,2,35,"HASH JOIN (BROADCAST, INNER, eq: [ss_hdemo_sk = household_demographics.hd_demo_sk])",711585,217.6ms,0.2176,8.3MB,6,/Users/harbor/.codex/worktrees/4f87/NovaRocks/logs/baseline/20260622-231416-tpc-baseline/plans/analyze/tpc-ds/q88.result
tpc-ds,q88,1,3,115,"HASH JOIN (BROADCAST, INNER, eq: [ss_hdemo_sk = household_demographics.hd_demo_sk])",711585,205.4ms,0.2054,8.4MB,6,/Users/harbor/.codex/worktrees/4f87/NovaRocks/logs/baseline/20260622-231416-tpc-baseline/plans/analyze/tpc-ds/q88.result
tpc-ds,q88,1,4,19,"HASH JOIN (BROADCAST, INNER, eq: [ss_hdemo_sk = household_demographics.hd_demo_sk])",711585,199.2ms,0.1992,7.7MB,6,/Users/harbor/.codex/worktrees/4f87/NovaRocks/logs/baseline/20260622-231416-tpc-baseline/plans/analyze/tpc-ds/q88.result
tpc-ds,q88,1,5,83,"HASH JOIN (BROADCAST, INNER, eq: [ss_hdemo_sk = household_demographics.hd_demo_sk])",711585,175.3ms,0.1753,8.3MB,6,/Users/harbor/.codex/worktrees/4f87/NovaRocks/logs/baseline/20260622-231416-tpc-baseline/plans/analyze/tpc-ds/q88.result
tpc-ds,q89,1,1,4,"HASH JOIN (BROADCAST, INNER, eq: [ss_item_sk = i_item_sk])",210656,66.9ms,0.0669,18.9MB,6,/Users/harbor/.codex/worktrees/4f87/NovaRocks/logs/baseline/20260622-231416-tpc-baseline/plans/analyze/tpc-ds/q89.result
tpc-ds,q89,1,2,11,"HASH AGGREGATE (LOCAL, group by: [i_category, i_class, i_brand, s_store_name, s_company_name, d_moy])",45665,57.0ms,0.057,3.9MB,0,/Users/harbor/.codex/worktrees/4f87/NovaRocks/logs/baseline/20260622-231416-tpc-baseline/plans/analyze/tpc-ds/q89.result
tpc-ds,q89,1,3,7,"HASH JOIN (BROADCAST, INNER, eq: [ss_sold_date_sk = d_date_sk])",41810,23.9ms,0.0239,1.8MB,4,/Users/harbor/.codex/worktrees/4f87/NovaRocks/logs/baseline/20260622-231416-tpc-baseline/plans/analyze/tpc-ds/q89.result
tpc-ds,q89,1,4,10,"HASH JOIN (BROADCAST, INNER, eq: [ss_store_sk = s_store_sk])",40751,9.4ms,0.0094,594.0KB,2,/Users/harbor/.codex/worktrees/4f87/NovaRocks/logs/baseline/20260622-231416-tpc-baseline/plans/analyze/tpc-ds/q89.result
tpc-ds,q89,1,5,1,SCAN tpcds.store_sales,2685687,7.9ms,0.0079,0B,8,/Users/harbor/.codex/worktrees/4f87/NovaRocks/logs/baseline/20260622-231416-tpc-baseline/plans/analyze/tpc-ds/q89.result
tpc-ds,q9,1,1,18,HASH AGGREGATE (LOCAL),12,867.9us,0.0008679,1.4MB,0,/Users/harbor/.codex/worktrees/4f87/NovaRocks/logs/baseline/20260622-231416-tpc-baseline/plans/analyze/tpc-ds/q9.result
tpc-ds,q9,1,2,95,HASH AGGREGATE (LOCAL),12,778.6us,0.0007786,1.5MB,0,/Users/harbor/.codex/worktrees/4f87/NovaRocks/logs/baseline/20260622-231416-tpc-baseline/plans/analyze/tpc-ds/q9.result
tpc-ds,q9,1,3,32,HASH AGGREGATE (LOCAL),12,760.4us,0.0007604,1.5MB,0,/Users/harbor/.codex/worktrees/4f87/NovaRocks/logs/baseline/20260622-231416-tpc-baseline/plans/analyze/tpc-ds/q9.result
tpc-ds,q9,1,4,60,HASH AGGREGATE (LOCAL),12,755.4us,0.0007554,1.6MB,0,/Users/harbor/.codex/worktrees/4f87/NovaRocks/logs/baseline/20260622-231416-tpc-baseline/plans/analyze/tpc-ds/q9.result
tpc-ds,q9,1,5,81,HASH AGGREGATE (LOCAL),12,723.7us,0.0007237,1.2MB,0,/Users/harbor/.codex/worktrees/4f87/NovaRocks/logs/baseline/20260622-231416-tpc-baseline/plans/analyze/tpc-ds/q9.result
tpc-ds,q90,1,1,20,SCAN tpcds.time_dim,7200,32.5ms,0.0325,3.5MB,0,/Users/harbor/.codex/worktrees/4f87/NovaRocks/logs/baseline/20260622-231416-tpc-baseline/plans/analyze/tpc-ds/q90.result
tpc-ds,q90,1,2,4,"HASH JOIN (BROADCAST, INNER, eq: [ws_ship_hdemo_sk = household_demographics.hd_demo_sk])",72455,5.0ms,0.005,6.5MB,6,/Users/harbor/.codex/worktrees/4f87/NovaRocks/logs/baseline/20260622-231416-tpc-baseline/plans/analyze/tpc-ds/q90.result
tpc-ds,q90,1,3,19,"HASH JOIN (BROADCAST, INNER, eq: [ws_ship_hdemo_sk = household_demographics.hd_demo_sk])",72455,3.6ms,0.0036,7.4MB,6,/Users/harbor/.codex/worktrees/4f87/NovaRocks/logs/baseline/20260622-231416-tpc-baseline/plans/analyze/tpc-ds/q90.result
tpc-ds,q90,1,4,22,"HASH JOIN (BROADCAST, INNER, eq: [ws_sold_time_sk = time_dim.t_time_sk])",32958,3.4ms,0.0034,6.6MB,4,/Users/harbor/.codex/worktrees/4f87/NovaRocks/logs/baseline/20260622-231416-tpc-baseline/plans/analyze/tpc-ds/q90.result
tpc-ds,q90,1,5,7,"HASH JOIN (BROADCAST, INNER, eq: [ws_sold_time_sk = time_dim.t_time_sk])",27894,3.2ms,0.0032,6.1MB,4,/Users/harbor/.codex/worktrees/4f87/NovaRocks/logs/baseline/20260622-231416-tpc-baseline/plans/analyze/tpc-ds/q90.result
tpc-ds,q91,1,1,18,GATHER,3600,16.1ms,0.0161,0B,4,/Users/harbor/.codex/worktrees/4f87/NovaRocks/logs/baseline/20260622-231416-tpc-baseline/plans/analyze/tpc-ds/q91.result
tpc-ds,q91,1,2,9,"HASH JOIN (BROADCAST, INNER, eq: [c_customer_sk = cr_returning_customer_sk])",7364,10.7ms,0.0107,6.2MB,0,/Users/harbor/.codex/worktrees/4f87/NovaRocks/logs/baseline/20260622-231416-tpc-baseline/plans/analyze/tpc-ds/q91.result
tpc-ds,q91,1,3,11,"HASH JOIN (BROADCAST, INNER, eq: [ca_address_sk = c_current_addr_sk])",5496,1.1ms,0.0011,4.9MB,0,/Users/harbor/.codex/worktrees/4f87/NovaRocks/logs/baseline/20260622-231416-tpc-baseline/plans/analyze/tpc-ds/q91.result
tpc-ds,q91,1,4,13,"HASH JOIN (BROADCAST, INNER, eq: [cd_demo_sk = c_current_cdemo_sk])",552,839.1us,0.0008391,1.9MB,6,/Users/harbor/.codex/worktrees/4f87/NovaRocks/logs/baseline/20260622-231416-tpc-baseline/plans/analyze/tpc-ds/q91.result
tpc-ds,q91,1,5,19,"HASH JOIN (BROADCAST, INNER, eq: [c_current_hdemo_sk = hd_demo_sk])",3601,329.7us,0.0003297,1.0MB,2,/Users/harbor/.codex/worktrees/4f87/NovaRocks/logs/baseline/20260622-231416-tpc-baseline/plans/analyze/tpc-ds/q91.result
tpc-ds,q92,1,1,5,"HASH JOIN (BROADCAST, INNER, eq: [ws_item_sk = i_item_sk])",951,29.4ms,0.0294,9.0MB,0,/Users/harbor/.codex/worktrees/4f87/NovaRocks/logs/baseline/20260622-231416-tpc-baseline/plans/analyze/tpc-ds/q92.result
tpc-ds,q92,1,2,4,GATHER,75,3.7ms,0.0037,0B,2,/Users/harbor/.codex/worktrees/4f87/NovaRocks/logs/baseline/20260622-231416-tpc-baseline/plans/analyze/tpc-ds/q92.result
tpc-ds,q92,1,3,12,"HASH JOIN (BROADCAST, INNER, eq: [web_sales.ws_sold_date_sk = date_dim.d_date_sk])",20981,2.3ms,0.0023,7.2MB,2,/Users/harbor/.codex/worktrees/4f87/NovaRocks/logs/baseline/20260622-231416-tpc-baseline/plans/analyze/tpc-ds/q92.result
tpc-ds,q92,1,4,2,SCAN tpcds.web_sales,335094,1.6ms,0.0016,0B,2,/Users/harbor/.codex/worktrees/4f87/NovaRocks/logs/baseline/20260622-231416-tpc-baseline/plans/analyze/tpc-ds/q92.result
tpc-ds,q92,1,5,7,"HASH JOIN (BROADCAST, INNER, eq: [d_date_sk = ws_sold_date_sk])",2657,1.2ms,0.0012,2.8MB,0,/Users/harbor/.codex/worktrees/4f87/NovaRocks/logs/baseline/20260622-231416-tpc-baseline/plans/analyze/tpc-ds/q92.result
tpc-ds,q93,1,1,4,"HASH JOIN (BROADCAST, LEFT OUTER, eq: [ss_item_sk = sr_item_sk, ss_ticket_number = sr_ticket_number])",4020476,182.8ms,0.1828,189.7MB,10,/Users/harbor/.codex/worktrees/4f87/NovaRocks/logs/baseline/20260622-231416-tpc-baseline/plans/analyze/tpc-ds/q93.result
tpc-ds,q93,1,2,2,SCAN tpcds.store_returns,287514,52.4ms,0.0524,15.0MB,0,/Users/harbor/.codex/worktrees/4f87/NovaRocks/logs/baseline/20260622-231416-tpc-baseline/plans/analyze/tpc-ds/q93.result
tpc-ds,q93,1,3,8,"HASH JOIN (BROADCAST, INNER, eq: [sr_reason_sk = r_reason_sk])",7986,13.4ms,0.0134,1.5MB,6,/Users/harbor/.codex/worktrees/4f87/NovaRocks/logs/baseline/20260622-231416-tpc-baseline/plans/analyze/tpc-ds/q93.result
tpc-ds,q93,1,4,11,"HASH AGGREGATE (LOCAL, group by: [ss_customer_sk])",15398,7.4ms,0.0074,1.1MB,0,/Users/harbor/.codex/worktrees/4f87/NovaRocks/logs/baseline/20260622-231416-tpc-baseline/plans/analyze/tpc-ds/q93.result
tpc-ds,q93,1,5,9,"PROJECT [ss_customer_sk, CASE WHEN sr_return_quantity IS NOT NULL THEN ss_quantity - sr_return_quantity * ss_sales_price ELSE ss_quantity * ss_sales_price END AS act_sales]",7983,5.8ms,0.0058,96.7KB,4,/Users/harbor/.codex/worktrees/4f87/NovaRocks/logs/baseline/20260622-231416-tpc-baseline/plans/analyze/tpc-ds/q93.result
tpc-ds,q94,1,1,15,"HASH JOIN (PARTITIONED, LEFT SEMI, eq: [ws1.ws_order_number = ws2.ws_order_number])",719678,24.8ms,0.0248,21.8MB,4,/Users/harbor/.codex/worktrees/4f87/NovaRocks/logs/baseline/20260622-231416-tpc-baseline/plans/analyze/tpc-ds/q94.result
tpc-ds,q94,1,2,19,"HASH JOIN (BROADCAST, LEFT ANTI, eq: [ws1.ws_order_number = wr1.wr_order_number])",215335,8.8ms,0.0088,7.5MB,2,/Users/harbor/.codex/worktrees/4f87/NovaRocks/logs/baseline/20260622-231416-tpc-baseline/plans/analyze/tpc-ds/q94.result
tpc-ds,q94,1,3,13,"PROJECT [ws2.ws_warehouse_sk AS ws_warehouse_sk, ws2.ws_order_number AS ws_order_number]",719384,5.1ms,0.0051,9.9MB,0,/Users/harbor/.codex/worktrees/4f87/NovaRocks/logs/baseline/20260622-231416-tpc-baseline/plans/analyze/tpc-ds/q94.result
tpc-ds,q94,1,4,4,"HASH JOIN (BROADCAST, INNER, eq: [ws1.ws_ship_date_sk = d_date_sk])",20279,2.8ms,0.0028,10.1MB,4,/Users/harbor/.codex/worktrees/4f87/NovaRocks/logs/baseline/20260622-231416-tpc-baseline/plans/analyze/tpc-ds/q94.result
tpc-ds,q94,1,5,1,SCAN tpcds.web_sales (alias=ws1),427816,1.1ms,0.0011,0B,6,/Users/harbor/.codex/worktrees/4f87/NovaRocks/logs/baseline/20260622-231416-tpc-baseline/plans/analyze/tpc-ds/q94.result
tpc-ds,q95,1,1,5,"HASH JOIN (PARTITIONED, INNER, eq: [ws1.ws_order_number = ws2.ws_order_number])",8082772,336.5ms,0.3365,131.4MB,2,/Users/harbor/.codex/worktrees/4f87/NovaRocks/logs/baseline/20260622-231416-tpc-baseline/plans/analyze/tpc-ds/q95.result
tpc-ds,q95,1,2,24,EXCHANGE,13288008,320.7ms,0.3207,4.9MB,2,/Users/harbor/.codex/worktrees/4f87/NovaRocks/logs/baseline/20260622-231416-tpc-baseline/plans/analyze/tpc-ds/q95.result
tpc-ds,q95,1,3,32,"HASH JOIN (PARTITIONED, LEFT SEMI, eq: [ws1.ws_order_number = wr_order_number])",8678194,228.3ms,0.2283,209.7MB,2,/Users/harbor/.codex/worktrees/4f87/NovaRocks/logs/baseline/20260622-231416-tpc-baseline/plans/analyze/tpc-ds/q95.result
tpc-ds,q95,1,4,29,"HASH JOIN (PARTITIONED, INNER, eq: [ws_wh.ws_order_number = wr_order_number])",15393713,223.7ms,0.2237,15.3MB,2,/Users/harbor/.codex/worktrees/4f87/NovaRocks/logs/baseline/20260622-231416-tpc-baseline/plans/analyze/tpc-ds/q95.result
tpc-ds,q95,1,5,20,PROJECT [ws_wh.ws_order_number AS ws_order_number],6644004,171.9ms,0.1719,4.0MB,0,/Users/harbor/.codex/worktrees/4f87/NovaRocks/logs/baseline/20260622-231416-tpc-baseline/plans/analyze/tpc-ds/q95.result
tpc-ds,q96,1,1,4,"HASH JOIN (BROADCAST, INNER, eq: [ss_hdemo_sk = household_demographics.hd_demo_sk])",266011,34.8ms,0.0348,7.0MB,6,/Users/harbor/.codex/worktrees/4f87/NovaRocks/logs/baseline/20260622-231416-tpc-baseline/plans/analyze/tpc-ds/q96.result
tpc-ds,q96,1,2,7,"HASH JOIN (BROADCAST, INNER, eq: [ss_sold_time_sk = time_dim.t_time_sk])",10809,2.9ms,0.0029,2.4MB,4,/Users/harbor/.codex/worktrees/4f87/NovaRocks/logs/baseline/20260622-231416-tpc-baseline/plans/analyze/tpc-ds/q96.result
tpc-ds,q96,1,3,1,SCAN tpcds.store_sales,2653171,2.3ms,0.0023,0B,8,/Users/harbor/.codex/worktrees/4f87/NovaRocks/logs/baseline/20260622-231416-tpc-baseline/plans/analyze/tpc-ds/q96.result
tpc-ds,q96,1,4,10,"HASH JOIN (BROADCAST, INNER, eq: [ss_store_sk = s_store_sk])",873,1.2ms,0.0012,135.8KB,2,/Users/harbor/.codex/worktrees/4f87/NovaRocks/logs/baseline/20260622-231416-tpc-baseline/plans/analyze/tpc-ds/q96.result
tpc-ds,q96,1,5,6,GATHER,5400,242.4us,0.0002424,0B,6,/Users/harbor/.codex/worktrees/4f87/NovaRocks/logs/baseline/20260622-231416-tpc-baseline/plans/analyze/tpc-ds/q96.result
tpc-ds,q97,1,1,4,"HASH JOIN (BROADCAST, INNER, eq: [ss_sold_date_sk = d_date_sk])",554959,84.6ms,0.0846,7.9MB,2,/Users/harbor/.codex/worktrees/4f87/NovaRocks/logs/baseline/20260622-231416-tpc-baseline/plans/analyze/tpc-ds/q97.result
tpc-ds,q97,1,2,15,"HASH AGGREGATE (LOCAL, group by: [cs_bill_customer_sk, cs_item_sk])",575053,42.1ms,0.0421,18.5MB,0,/Users/harbor/.codex/worktrees/4f87/NovaRocks/logs/baseline/20260622-231416-tpc-baseline/plans/analyze/tpc-ds/q97.result
tpc-ds,q97,1,3,5,"HASH AGGREGATE (LOCAL, group by: [ss_customer_sk, ss_item_sk])",1104869,33.9ms,0.0339,23.6MB,0,/Users/harbor/.codex/worktrees/4f87/NovaRocks/logs/baseline/20260622-231416-tpc-baseline/plans/analyze/tpc-ds/q97.result
tpc-ds,q97,1,4,14,"HASH JOIN (BROADCAST, INNER, eq: [cs_sold_date_sk = d_date_sk])",288633,21.4ms,0.0214,7.9MB,2,/Users/harbor/.codex/worktrees/4f87/NovaRocks/logs/baseline/20260622-231416-tpc-baseline/plans/analyze/tpc-ds/q97.result
tpc-ds,q97,1,5,1,SCAN tpcds.store_sales,2750311,13.7ms,0.0137,0B,4,/Users/harbor/.codex/worktrees/4f87/NovaRocks/logs/baseline/20260622-231416-tpc-baseline/plans/analyze/tpc-ds/q97.result
tpc-ds,q98,1,1,4,"HASH JOIN (BROADCAST, INNER, eq: [ss_item_sk = i_item_sk])",830907,137.4ms,0.1374,23.7MB,4,/Users/harbor/.codex/worktrees/4f87/NovaRocks/logs/baseline/20260622-231416-tpc-baseline/plans/analyze/tpc-ds/q98.result
tpc-ds,q98,1,2,1,SCAN tpcds.store_sales,2750311,14.9ms,0.0149,0B,6,/Users/harbor/.codex/worktrees/4f87/NovaRocks/logs/baseline/20260622-231416-tpc-baseline/plans/analyze/tpc-ds/q98.result
tpc-ds,q98,1,3,8,"HASH AGGREGATE (LOCAL, group by: [i_item_id, i_item_desc, i_category, i_class, i_current_price])",10325,10.0ms,0.01,2.4MB,0,/Users/harbor/.codex/worktrees/4f87/NovaRocks/logs/baseline/20260622-231416-tpc-baseline/plans/analyze/tpc-ds/q98.result
tpc-ds,q98,1,4,7,"HASH JOIN (BROADCAST, INNER, eq: [ss_sold_date_sk = d_date_sk])",7902,9.7ms,0.0097,2.9MB,2,/Users/harbor/.codex/worktrees/4f87/NovaRocks/logs/baseline/20260622-231416-tpc-baseline/plans/analyze/tpc-ds/q98.result
tpc-ds,q98,1,5,2,SCAN tpcds.item,5323,1.3ms,0.0013,3.9MB,0,/Users/harbor/.codex/worktrees/4f87/NovaRocks/logs/baseline/20260622-231416-tpc-baseline/plans/analyze/tpc-ds/q98.result
tpc-ds,q99,1,1,14,"PROJECT [cs_sold_date_sk, cs_ship_date_sk, cs_call_center_sk, cs_ship_mode_sk, cs_warehouse_sk, w_warehouse_sk, w_warehouse_name, sm_ship_mode_sk, sm_type, cc_call_center_sk, cc_name, d_date_sk, d_month_seq, cs_ship_date_sk - cs_sold_date_sk AS __cse_0]",286801,19.2ms,0.0192,16.4MB,2,/Users/harbor/.codex/worktrees/4f87/NovaRocks/logs/baseline/20260622-231416-tpc-baseline/plans/analyze/tpc-ds/q99.result
tpc-ds,q99,1,2,4,"HASH JOIN (BROADCAST, INNER, eq: [cs_ship_date_sk = d_date_sk])",287899,17.3ms,0.0173,6.3MB,10,/Users/harbor/.codex/worktrees/4f87/NovaRocks/logs/baseline/20260622-231416-tpc-baseline/plans/analyze/tpc-ds/q99.result
tpc-ds,q99,1,3,15,"HASH AGGREGATE (LOCAL, group by: [substring(w_warehouse_name, 1, 20), sm_type, cc_name])",287071,15.8ms,0.0158,5.2MB,0,/Users/harbor/.codex/worktrees/4f87/NovaRocks/logs/baseline/20260622-231416-tpc-baseline/plans/analyze/tpc-ds/q99.result
tpc-ds,q99,1,4,7,"HASH JOIN (BROADCAST, INNER, eq: [cs_ship_mode_sk = sm_ship_mode_sk])",286861,9.3ms,0.0093,6.5MB,8,/Users/harbor/.codex/worktrees/4f87/NovaRocks/logs/baseline/20260622-231416-tpc-baseline/plans/analyze/tpc-ds/q99.result
tpc-ds,q99,1,5,13,"HASH JOIN (BROADCAST, INNER, eq: [cs_call_center_sk = cc_call_center_sk])",286819,8.9ms,0.0089,13.1MB,4,/Users/harbor/.codex/worktrees/4f87/NovaRocks/logs/baseline/20260622-231416-tpc-baseline/plans/analyze/tpc-ds/q99.result
tpc-h,q1,1,1,2,"PROJECT [l_quantity, l_extendedprice, l_discount, l_tax, l_returnflag, l_linestatus, l_shipdate, 1 - l_discount AS __cse_0, 1 - l_discount AS __cse_1, l_extendedprice * 1 - l_discount AS __cse_2]",6001215,162.8ms,0.1628,11.0MB,2,/Users/harbor/.codex/worktrees/4f87/NovaRocks/logs/baseline/20260622-231416-tpc-baseline/plans/analyze/tpc-h/q1.result
tpc-h,q1,1,2,3,"HASH AGGREGATE (LOCAL, group by: [l_returnflag, l_linestatus])",6001226,135.9ms,0.1359,8.5MB,0,/Users/harbor/.codex/worktrees/4f87/NovaRocks/logs/baseline/20260622-231416-tpc-baseline/plans/analyze/tpc-h/q1.result
tpc-h,q1,1,3,8,"SORT BY [l_returnflag ASC NULLS FIRST, l_linestatus ASC NULLS FIRST]",8,4.4ms,0.0044,6.9KB,0,/Users/harbor/.codex/worktrees/4f87/NovaRocks/logs/baseline/20260622-231416-tpc-baseline/plans/analyze/tpc-h/q1.result
tpc-h,q1,1,4,1,SCAN tpch.lineitem,6001215,814.0us,0.000814,0B,4,/Users/harbor/.codex/worktrees/4f87/NovaRocks/logs/baseline/20260622-231416-tpc-baseline/plans/analyze/tpc-h/q1.result
tpc-h,q1,1,5,6,"PROJECT [l_returnflag, l_linestatus, sum(l_quantity) AS sum_qty, sum(l_extendedprice) AS sum_base_price, sum(l_extendedprice * (Nested(TypedExpr { kind: BinaryOp { left: TypedExpr { kind: Literal(Int(1)), data_type: Int64, nullable: false }, op: Sub, right: TypedExpr { kind: ColumnRef { column_id: c7, qualifier: None, column: ""l_discount"" }, data_type: Decimal128(15, 2), nullable: true } }, data_type: Decimal128(22, 2), nullable: true }))) AS sum_disc_price, sum((l_extendedprice * (Nested(TypedExpr { kind: BinaryOp { left: TypedExpr { kind: Literal(Int(1)), data_type: Int64, nullable: false }, op: Sub, right: TypedExpr { kind: ColumnRef { column_id: c7, qualifier: None, column: ""l_discount"" }, data_type: Decimal128(15, 2), nullable: true } }, data_type: Decimal128(22, 2), nullable: true }))) * (Nested(TypedExpr { kind: BinaryOp { left: TypedExpr { kind: Literal(Int(1)), data_type: Int64, nullable: false }, op: Add, right: TypedExpr { kind: ColumnRef { column_id: c8, qualifier: None, column: ""l_tax"" }, data_type: Decimal128(15, 2), nullable: true } }, data_type: Decimal128(22, 2), nullable: true }))) AS sum_charge, avg(l_quantity) AS avg_qty, avg(l_extendedprice) AS avg_price, avg(l_discount) AS avg_disc, count(*) AS count_order]",4,170.5us,0.0001705,156.0KB,0,/Users/harbor/.codex/worktrees/4f87/NovaRocks/logs/baseline/20260622-231416-tpc-baseline/plans/analyze/tpc-h/q1.result
tpc-h,q10,1,1,13,"HASH AGGREGATE (LOCAL, group by: [c_custkey, c_name, c_acctbal, c_phone, n_name, c_address, c_comment])",159879,819.6ms,0.8196,33.0MB,0,/Users/harbor/.codex/worktrees/4f87/NovaRocks/logs/baseline/20260622-231416-tpc-baseline/plans/analyze/tpc-h/q10.result
tpc-h,q10,1,2,9,"HASH JOIN (PARTITIONED, INNER, eq: [l_orderkey = o_orderkey])",1650881,676.0ms,0.676,32.9MB,4,/Users/harbor/.codex/worktrees/4f87/NovaRocks/logs/baseline/20260622-231416-tpc-baseline/plans/analyze/tpc-h/q10.result
tpc-h,q10,1,3,7,"HASH JOIN (PARTITIONED, INNER, eq: [o_custkey = c_custkey])",264622,553.1ms,0.5531,72.5MB,0,/Users/harbor/.codex/worktrees/4f87/NovaRocks/logs/baseline/20260622-231416-tpc-baseline/plans/analyze/tpc-h/q10.result
tpc-h,q10,1,4,12,"HASH JOIN (BROADCAST, INNER, eq: [c_nationkey = n_nationkey])",114775,254.9ms,0.2549,51.8KB,2,/Users/harbor/.codex/worktrees/4f87/NovaRocks/logs/baseline/20260622-231416-tpc-baseline/plans/analyze/tpc-h/q10.result
tpc-h,q10,1,5,1,SCAN tpch.lineitem,1478870,85.2ms,0.0852,45.4MB,0,/Users/harbor/.codex/worktrees/4f87/NovaRocks/logs/baseline/20260622-231416-tpc-baseline/plans/analyze/tpc-h/q10.result
tpc-h,q11,1,1,15,"HASH JOIN (BROADCAST, INNER, eq: [partsupp.ps_suppkey = supplier.s_suppkey])",830000,7.1ms,0.0071,12.2MB,4,/Users/harbor/.codex/worktrees/4f87/NovaRocks/logs/baseline/20260622-231416-tpc-baseline/plans/analyze/tpc-h/q11.result
tpc-h,q11,1,2,4,"HASH JOIN (BROADCAST, INNER, eq: [ps_suppkey = s_suppkey])",830000,7.0ms,0.007,9.8MB,4,/Users/harbor/.codex/worktrees/4f87/NovaRocks/logs/baseline/20260622-231416-tpc-baseline/plans/analyze/tpc-h/q11.result
tpc-h,q11,1,3,8,"HASH AGGREGATE (LOCAL, group by: [ps_partkey])",65267,3.4ms,0.0034,3.5MB,0,/Users/harbor/.codex/worktrees/4f87/NovaRocks/logs/baseline/20260622-231416-tpc-baseline/plans/analyze/tpc-h/q11.result
tpc-h,q11,1,4,7,"HASH JOIN (BROADCAST, INNER, eq: [s_nationkey = n_nationkey])",33683,2.4ms,0.0024,1.9MB,2,/Users/harbor/.codex/worktrees/4f87/NovaRocks/logs/baseline/20260622-231416-tpc-baseline/plans/analyze/tpc-h/q11.result
tpc-h,q11,1,5,18,"HASH JOIN (BROADCAST, INNER, eq: [supplier.s_nationkey = nation.n_nationkey])",33683,2.2ms,0.0022,3.1MB,2,/Users/harbor/.codex/worktrees/4f87/NovaRocks/logs/baseline/20260622-231416-tpc-baseline/plans/analyze/tpc-h/q11.result
tpc-h,q12,1,1,4,"HASH JOIN (BROADCAST, INNER, eq: [o_orderkey = l_orderkey])",125180,109.4ms,0.1094,24.6MB,4,/Users/harbor/.codex/worktrees/4f87/NovaRocks/logs/baseline/20260622-231416-tpc-baseline/plans/analyze/tpc-h/q12.result
tpc-h,q12,1,2,5,"PROJECT [o_orderkey, o_orderpriority, l_orderkey, l_shipdate, l_commitdate, l_receiptdate, l_shipmode, CAST(1 AS Int64) AS __cse_0, CAST(0 AS Int64) AS __cse_1]",31295,50.2ms,0.0502,26.3KB,2,/Users/harbor/.codex/worktrees/4f87/NovaRocks/logs/baseline/20260622-231416-tpc-baseline/plans/analyze/tpc-h/q12.result
tpc-h,q12,1,3,6,"HASH AGGREGATE (LOCAL, group by: [l_shipmode])",31301,12.6ms,0.0126,904.6KB,0,/Users/harbor/.codex/worktrees/4f87/NovaRocks/logs/baseline/20260622-231416-tpc-baseline/plans/analyze/tpc-h/q12.result
tpc-h,q12,1,4,2,SCAN tpch.lineitem,31295,2.2ms,0.0022,3.0MB,0,/Users/harbor/.codex/worktrees/4f87/NovaRocks/logs/baseline/20260622-231416-tpc-baseline/plans/analyze/tpc-h/q12.result
tpc-h,q12,1,5,1,SCAN tpch.orders,1500000,1.9ms,0.0019,0B,6,/Users/harbor/.codex/worktrees/4f87/NovaRocks/logs/baseline/20260622-231416-tpc-baseline/plans/analyze/tpc-h/q12.result
tpc-h,q13,1,1,5,"HASH JOIN (PARTITIONED, RIGHT OUTER, eq: [o_custkey = c_custkey])",3183872,602.2ms,0.6022,31.1MB,2,/Users/harbor/.codex/worktrees/4f87/NovaRocks/logs/baseline/20260622-231416-tpc-baseline/plans/analyze/tpc-h/q13.result
tpc-h,q13,1,2,6,"HASH AGGREGATE (LOCAL, group by: [c_custkey])",1683872,47.6ms,0.0476,21.8MB,0,/Users/harbor/.codex/worktrees/4f87/NovaRocks/logs/baseline/20260622-231416-tpc-baseline/plans/analyze/tpc-h/q13.result
tpc-h,q13,1,3,1,SCAN tpch.orders,1500000,8.8ms,0.0088,194.8MB,0,/Users/harbor/.codex/worktrees/4f87/NovaRocks/logs/baseline/20260622-231416-tpc-baseline/plans/analyze/tpc-h/q13.result
tpc-h,q13,1,4,3,SCAN tpch.customer,150000,999.4us,0.0009994,15.8MB,0,/Users/harbor/.codex/worktrees/4f87/NovaRocks/logs/baseline/20260622-231416-tpc-baseline/plans/analyze/tpc-h/q13.result
tpc-h,q13,1,5,8,"HASH AGGREGATE (GLOBAL, group by: [c_custkey])",300000,926.7us,0.0009267,3.8MB,6,/Users/harbor/.codex/worktrees/4f87/NovaRocks/logs/baseline/20260622-231416-tpc-baseline/plans/analyze/tpc-h/q13.result
tpc-h,q14,1,1,4,"HASH JOIN (BROADCAST, INNER, eq: [l_partkey = p_partkey])",670245,67.9ms,0.0679,120.6MB,4,/Users/harbor/.codex/worktrees/4f87/NovaRocks/logs/baseline/20260622-231416-tpc-baseline/plans/analyze/tpc-h/q14.result
tpc-h,q14,1,2,5,"PROJECT [l_partkey, l_extendedprice, l_discount, l_shipdate, p_partkey, p_type, 1 - l_discount AS __cse_0, 1 - l_discount AS __cse_1, l_extendedprice * 1 - l_discount AS __cse_2]",70245,18.0ms,0.018,76.6KB,2,/Users/harbor/.codex/worktrees/4f87/NovaRocks/logs/baseline/20260622-231416-tpc-baseline/plans/analyze/tpc-h/q14.result
tpc-h,q14,1,3,6,HASH AGGREGATE (LOCAL),12,4.2ms,0.0042,811.1KB,0,/Users/harbor/.codex/worktrees/4f87/NovaRocks/logs/baseline/20260622-231416-tpc-baseline/plans/analyze/tpc-h/q14.result
tpc-h,q14,1,4,2,SCAN tpch.part,200000,1.1ms,0.0011,73.6MB,0,/Users/harbor/.codex/worktrees/4f87/NovaRocks/logs/baseline/20260622-231416-tpc-baseline/plans/analyze/tpc-h/q14.result
tpc-h,q14,1,5,8,HASH AGGREGATE (GLOBAL),13,90.6us,9.06e-05,65.0KB,2,/Users/harbor/.codex/worktrees/4f87/NovaRocks/logs/baseline/20260622-231416-tpc-baseline/plans/analyze/tpc-h/q14.result
tpc-h,q15,1,1,44,"HASH AGGREGATE (LOCAL, group by: [l_suppkey])",260618,5.5ms,0.0055,7.8MB,0,/Users/harbor/.codex/worktrees/4f87/NovaRocks/logs/baseline/20260622-231416-tpc-baseline/plans/analyze/tpc-h/q15.result
tpc-h,q15,1,2,3,"HASH AGGREGATE (LOCAL, group by: [l_suppkey])",260618,5.0ms,0.005,7.8MB,0,/Users/harbor/.codex/worktrees/4f87/NovaRocks/logs/baseline/20260622-231416-tpc-baseline/plans/analyze/tpc-h/q15.result
tpc-h,q15,1,3,42,"HASH JOIN (BROADCAST, INNER, eq: [s_suppkey = supplier_no])",40000,1.5ms,0.0015,2.7MB,6,/Users/harbor/.codex/worktrees/4f87/NovaRocks/logs/baseline/20260622-231416-tpc-baseline/plans/analyze/tpc-h/q15.result
tpc-h,q15,1,4,49,HASH AGGREGATE (LOCAL),12,676.3us,0.0006763,930.7KB,0,/Users/harbor/.codex/worktrees/4f87/NovaRocks/logs/baseline/20260622-231416-tpc-baseline/plans/analyze/tpc-h/q15.result
tpc-h,q15,1,5,5,"HASH AGGREGATE (GLOBAL, group by: [supplier_no])",49959,355.5us,0.0003555,1.2MB,70,/Users/harbor/.codex/worktrees/4f87/NovaRocks/logs/baseline/20260622-231416-tpc-baseline/plans/analyze/tpc-h/q15.result
tpc-h,q16,1,1,4,"HASH JOIN (BROADCAST, INNER, eq: [ps_partkey = p_partkey])",206199,17.0ms,0.017,21.7MB,2,/Users/harbor/.codex/worktrees/4f87/NovaRocks/logs/baseline/20260622-231416-tpc-baseline/plans/analyze/tpc-h/q16.result
tpc-h,q16,1,2,10,"HASH AGGREGATE (SINGLE, group by: [p_brand, p_type, p_size])",67730,15.5ms,0.0155,7.2MB,4,/Users/harbor/.codex/worktrees/4f87/NovaRocks/logs/baseline/20260622-231416-tpc-baseline/plans/analyze/tpc-h/q16.result
tpc-h,q16,1,3,12,"SORT BY [supplier_cnt DESC NULLS LAST, p_brand ASC NULLS FIRST, p_type ASC NULLS FIRST, p_size ASC NULLS FIRST]",36276,6.5ms,0.0065,2.8MB,0,/Users/harbor/.codex/worktrees/4f87/NovaRocks/logs/baseline/20260622-231416-tpc-baseline/plans/analyze/tpc-h/q16.result
tpc-h,q16,1,4,2,SCAN tpch.part,29457,3.4ms,0.0034,3.0MB,0,/Users/harbor/.codex/worktrees/4f87/NovaRocks/logs/baseline/20260622-231416-tpc-baseline/plans/analyze/tpc-h/q16.result
tpc-h,q16,1,5,8,"HASH JOIN (BROADCAST, NULL AWARE LEFT ANTI, eq: [ps_suppkey = s_suppkey])",117792,1.8ms,0.0018,3.9MB,0,/Users/harbor/.codex/worktrees/4f87/NovaRocks/logs/baseline/20260622-231416-tpc-baseline/plans/analyze/tpc-h/q16.result
tpc-h,q17,1,1,4,"HASH JOIN (BROADCAST, INNER, eq: [l_partkey = p_partkey])",7177,143.8ms,0.1438,23.3MB,0,/Users/harbor/.codex/worktrees/4f87/NovaRocks/logs/baseline/20260622-231416-tpc-baseline/plans/analyze/tpc-h/q17.result
tpc-h,q17,1,2,6,SORT BY [p_partkey ASC NULLS FIRST],13058,28.0ms,0.028,28.8MB,6,/Users/harbor/.codex/worktrees/4f87/NovaRocks/logs/baseline/20260622-231416-tpc-baseline/plans/analyze/tpc-h/q17.result
tpc-h,q17,1,3,1,SCAN tpch.lineitem,460668,9.1ms,0.0091,0B,2,/Users/harbor/.codex/worktrees/4f87/NovaRocks/logs/baseline/20260622-231416-tpc-baseline/plans/analyze/tpc-h/q17.result
tpc-h,q17,1,4,2,SCAN tpch.part,216,517.7us,0.0005177,512.6KB,0,/Users/harbor/.codex/worktrees/4f87/NovaRocks/logs/baseline/20260622-231416-tpc-baseline/plans/analyze/tpc-h/q17.result
tpc-h,q17,1,5,5,HASH EXCHANGE,6529,407.8us,0.0004078,0B,8,/Users/harbor/.codex/worktrees/4f87/NovaRocks/logs/baseline/20260622-231416-tpc-baseline/plans/analyze/tpc-h/q17.result
tpc-h,q18,1,1,9,"HASH JOIN (PARTITIONED, INNER, eq: [l_orderkey = o_orderkey])",13502430,44.8s,44.8,607.7MB,0,/Users/harbor/.codex/worktrees/4f87/NovaRocks/logs/baseline/20260622-231416-tpc-baseline/plans/analyze/tpc-h/q18.result
tpc-h,q18,1,2,18,"HASH JOIN (PARTITIONED, LEFT SEMI, eq: [o_orderkey = lineitem.l_orderkey])",6001287,32.0s,32,82.5KB,2,/Users/harbor/.codex/worktrees/4f87/NovaRocks/logs/baseline/20260622-231416-tpc-baseline/plans/analyze/tpc-h/q18.result
tpc-h,q18,1,3,7,"HASH JOIN (PARTITIONED, INNER, eq: [o_custkey = c_custkey])",3150000,3.2s,3.2,57.6MB,0,/Users/harbor/.codex/worktrees/4f87/NovaRocks/logs/baseline/20260622-231416-tpc-baseline/plans/analyze/tpc-h/q18.result
tpc-h,q18,1,4,10,HASH EXCHANGE,6001215,625.7ms,0.6257,0B,4,/Users/harbor/.codex/worktrees/4f87/NovaRocks/logs/baseline/20260622-231416-tpc-baseline/plans/analyze/tpc-h/q18.result
tpc-h,q18,1,5,1,SCAN tpch.lineitem,6001215,364.3ms,0.3643,83.7MB,0,/Users/harbor/.codex/worktrees/4f87/NovaRocks/logs/baseline/20260622-231416-tpc-baseline/plans/analyze/tpc-h/q18.result
tpc-h,q19,1,1,2,"PROJECT [l_partkey, l_quantity, l_extendedprice, l_discount, l_shipinstruct, l_shipmode, l_shipinstruct = 'DELIVER IN PERSON' AS __cse_0, l_shipmode IN ('AIR', 'AIR REG') AS __cse_1]",132509,122.8ms,0.1228,277.1KB,4,/Users/harbor/.codex/worktrees/4f87/NovaRocks/logs/baseline/20260622-231416-tpc-baseline/plans/analyze/tpc-h/q19.result
tpc-h,q19,1,2,5,"HASH JOIN (BROADCAST, INNER, eq: [l_partkey = p_partkey])",1466,23.1ms,0.0231,502.6KB,2,/Users/harbor/.codex/worktrees/4f87/NovaRocks/logs/baseline/20260622-231416-tpc-baseline/plans/analyze/tpc-h/q19.result
tpc-h,q19,1,3,1,SCAN tpch.lineitem,132509,2.9ms,0.0029,0B,6,/Users/harbor/.codex/worktrees/4f87/NovaRocks/logs/baseline/20260622-231416-tpc-baseline/plans/analyze/tpc-h/q19.result
tpc-h,q19,1,4,6,HASH AGGREGATE (LOCAL),12,1.7ms,0.0017,781.6KB,0,/Users/harbor/.codex/worktrees/4f87/NovaRocks/logs/baseline/20260622-231416-tpc-baseline/plans/analyze/tpc-h/q19.result
tpc-h,q19,1,5,3,SCAN tpch.part,452,244.1us,0.0002441,474.4KB,0,/Users/harbor/.codex/worktrees/4f87/NovaRocks/logs/baseline/20260622-231416-tpc-baseline/plans/analyze/tpc-h/q19.result
tpc-h,q2,1,1,13,"HASH JOIN (BROADCAST, INNER, eq: [s_suppkey = ps_suppkey])",10557,4.0ms,0.004,8.7MB,0,/Users/harbor/.codex/worktrees/4f87/NovaRocks/logs/baseline/20260622-231416-tpc-baseline/plans/analyze/tpc-h/q2.result
tpc-h,q2,1,2,15,SORT BY [p_partkey ASC NULLS FIRST],1362,3.4ms,0.0034,3.7MB,8,/Users/harbor/.codex/worktrees/4f87/NovaRocks/logs/baseline/20260622-231416-tpc-baseline/plans/analyze/tpc-h/q2.result
tpc-h,q2,1,3,11,"HASH JOIN (BROADCAST, INNER, eq: [ps_partkey = p_partkey])",5761,1.7ms,0.0017,4.7MB,0,/Users/harbor/.codex/worktrees/4f87/NovaRocks/logs/baseline/20260622-231416-tpc-baseline/plans/analyze/tpc-h/q2.result
tpc-h,q2,1,4,5,"HASH JOIN (BROADCAST, INNER, eq: [n_regionkey = r_regionkey])",8,900.6us,0.0009006,32.2KB,0,/Users/harbor/.codex/worktrees/4f87/NovaRocks/logs/baseline/20260622-231416-tpc-baseline/plans/analyze/tpc-h/q2.result
tpc-h,q2,1,5,9,SCAN tpch.part,823,574.5us,0.0005745,1012.6KB,0,/Users/harbor/.codex/worktrees/4f87/NovaRocks/logs/baseline/20260622-231416-tpc-baseline/plans/analyze/tpc-h/q2.result
tpc-h,q20,1,1,13,"HASH AGGREGATE (LOCAL, group by: [l_partkey, l_suppkey])",1664541,96.8ms,0.0968,76.7MB,0,/Users/harbor/.codex/worktrees/4f87/NovaRocks/logs/baseline/20260622-231416-tpc-baseline/plans/analyze/tpc-h/q20.result
tpc-h,q20,1,2,15,"HASH AGGREGATE (GLOBAL, group by: [l_partkey, l_suppkey])",1298761,33.6ms,0.0336,34.2MB,12,/Users/harbor/.codex/worktrees/4f87/NovaRocks/logs/baseline/20260622-231416-tpc-baseline/plans/analyze/tpc-h/q20.result
tpc-h,q20,1,3,10,"HASH JOIN (BROADCAST, LEFT SEMI, eq: [ps_partkey = p_partkey])",15232,26.8ms,0.0268,2.3MB,0,/Users/harbor/.codex/worktrees/4f87/NovaRocks/logs/baseline/20260622-231416-tpc-baseline/plans/analyze/tpc-h/q20.result
tpc-h,q20,1,4,23,"HASH JOIN (BROADCAST, LEFT SEMI, eq: [s_suppkey = ps_suppkey])",17833,19.5ms,0.0195,1.3MB,2,/Users/harbor/.codex/worktrees/4f87/NovaRocks/logs/baseline/20260622-231416-tpc-baseline/plans/analyze/tpc-h/q20.result
tpc-h,q20,1,5,18,"HASH JOIN (PARTITIONED, LEFT OUTER, eq: [ps_partkey = l_partkey, ps_suppkey = l_suppkey])",566229,17.3ms,0.0173,40.3MB,6,/Users/harbor/.codex/worktrees/4f87/NovaRocks/logs/baseline/20260622-231416-tpc-baseline/plans/analyze/tpc-h/q20.result
tpc-h,q21,1,1,7,"HASH JOIN (BROADCAST, INNER, eq: [l1.l_orderkey = o_orderkey])",4017150,490.0ms,0.49,390.2MB,2,/Users/harbor/.codex/worktrees/4f87/NovaRocks/logs/baseline/20260622-231416-tpc-baseline/plans/analyze/tpc-h/q21.result
tpc-h,q21,1,2,20,"HASH JOIN (PARTITIONED, LEFT ANTI, eq: [l1.l_orderkey = l3.l_orderkey])",3869569,474.8ms,0.4748,116.6MB,2,/Users/harbor/.codex/worktrees/4f87/NovaRocks/logs/baseline/20260622-231416-tpc-baseline/plans/analyze/tpc-h/q21.result
tpc-h,q21,1,3,15,"HASH JOIN (PARTITIONED, LEFT SEMI, eq: [l1.l_orderkey = l2.l_orderkey])",6148541,461.9ms,0.4619,190.0MB,0,/Users/harbor/.codex/worktrees/4f87/NovaRocks/logs/baseline/20260622-231416-tpc-baseline/plans/analyze/tpc-h/q21.result
tpc-h,q21,1,4,10,"HASH JOIN (BROADCAST, INNER, eq: [s_nationkey = n_nationkey])",75086,230.9ms,0.2309,9.8MB,0,/Users/harbor/.codex/worktrees/4f87/NovaRocks/logs/baseline/20260622-231416-tpc-baseline/plans/analyze/tpc-h/q21.result
tpc-h,q21,1,5,4,"HASH JOIN (BROADCAST, INNER, eq: [l1.l_suppkey = s_suppkey])",2035954,111.8ms,0.1118,12.0MB,4,/Users/harbor/.codex/worktrees/4f87/NovaRocks/logs/baseline/20260622-231416-tpc-baseline/plans/analyze/tpc-h/q21.result
tpc-h,q22,1,1,14,"HASH JOIN (PARTITIONED, LEFT ANTI, eq: [c_custkey = orders.o_custkey])",1518389,10.0ms,0.01,37.2MB,6,/Users/harbor/.codex/worktrees/4f87/NovaRocks/logs/baseline/20260622-231416-tpc-baseline/plans/analyze/tpc-h/q22.result
tpc-h,q22,1,2,12,PROJECT [orders.o_custkey AS o_custkey],1500000,2.8ms,0.0028,7.4MB,0,/Users/harbor/.codex/worktrees/4f87/NovaRocks/logs/baseline/20260622-231416-tpc-baseline/plans/analyze/tpc-h/q22.result
tpc-h,q22,1,3,17,"HASH AGGREGATE (LOCAL, group by: [cntrycode])",4662,1.1ms,0.0011,1.3MB,0,/Users/harbor/.codex/worktrees/4f87/NovaRocks/logs/baseline/20260622-231416-tpc-baseline/plans/analyze/tpc-h/q22.result
tpc-h,q22,1,4,15,"PROJECT [substring(c_phone, 1, 2) AS cntrycode, c_acctbal]",4647,1.0ms,0.001,8.9KB,4,/Users/harbor/.codex/worktrees/4f87/NovaRocks/logs/baseline/20260622-231416-tpc-baseline/plans/analyze/tpc-h/q22.result
tpc-h,q22,1,5,8,NEST LOOP JOIN (INNER),13742,825.7us,0.0008257,598.6KB,2,/Users/harbor/.codex/worktrees/4f87/NovaRocks/logs/baseline/20260622-231416-tpc-baseline/plans/analyze/tpc-h/q22.result
tpc-h,q3,1,1,8,"HASH JOIN (PARTITIONED, INNER, eq: [l_orderkey = o_orderkey])",3426757,379.0ms,0.379,57.6MB,2,/Users/harbor/.codex/worktrees/4f87/NovaRocks/logs/baseline/20260622-231416-tpc-baseline/plans/analyze/tpc-h/q3.result
tpc-h,q3,1,2,6,"HASH JOIN (BROADCAST, INNER, eq: [o_custkey = c_custkey])",235208,318.8ms,0.3188,23.6MB,0,/Users/harbor/.codex/worktrees/4f87/NovaRocks/logs/baseline/20260622-231416-tpc-baseline/plans/analyze/tpc-h/q3.result
tpc-h,q3,1,3,1,SCAN tpch.lineitem,3251845,204.8ms,0.2048,123.5MB,0,/Users/harbor/.codex/worktrees/4f87/NovaRocks/logs/baseline/20260622-231416-tpc-baseline/plans/analyze/tpc-h/q3.result
tpc-h,q3,1,4,9,"HASH AGGREGATE (LOCAL, group by: [l_orderkey, o_orderdate, o_shippriority])",41707,143.1ms,0.1431,1.4MB,0,/Users/harbor/.codex/worktrees/4f87/NovaRocks/logs/baseline/20260622-231416-tpc-baseline/plans/analyze/tpc-h/q3.result
tpc-h,q3,1,5,3,SCAN tpch.orders,144641,50.5ms,0.0505,0B,2,/Users/harbor/.codex/worktrees/4f87/NovaRocks/logs/baseline/20260622-231416-tpc-baseline/plans/analyze/tpc-h/q3.result
tpc-h,q4,1,1,6,"HASH JOIN (PARTITIONED, LEFT SEMI, eq: [o_orderkey = lineitem.l_orderkey])",3901510,36.0ms,0.036,108.1MB,2,/Users/harbor/.codex/worktrees/4f87/NovaRocks/logs/baseline/20260622-231416-tpc-baseline/plans/analyze/tpc-h/q4.result
tpc-h,q4,1,2,4,PROJECT [lineitem.l_orderkey AS l_orderkey],3793296,7.9ms,0.0079,12.4MB,0,/Users/harbor/.codex/worktrees/4f87/NovaRocks/logs/baseline/20260622-231416-tpc-baseline/plans/analyze/tpc-h/q4.result
tpc-h,q4,1,3,5,HASH EXCHANGE,3793296,941.5us,0.0009415,0B,4,/Users/harbor/.codex/worktrees/4f87/NovaRocks/logs/baseline/20260622-231416-tpc-baseline/plans/analyze/tpc-h/q4.result
tpc-h,q4,1,4,7,"HASH AGGREGATE (LOCAL, group by: [o_orderpriority])",51713,916.0us,0.000916,2.5MB,0,/Users/harbor/.codex/worktrees/4f87/NovaRocks/logs/baseline/20260622-231416-tpc-baseline/plans/analyze/tpc-h/q4.result
tpc-h,q4,1,5,1,SCAN tpch.orders,56516,650.3us,0.0006503,5.7MB,0,/Users/harbor/.codex/worktrees/4f87/NovaRocks/logs/baseline/20260622-231416-tpc-baseline/plans/analyze/tpc-h/q4.result
tpc-h,q5,1,1,16,"HASH JOIN (BROADCAST, INNER, eq: [o_custkey = c_custkey, s_nationkey = c_nationkey])",457207,271.2ms,0.2712,83.4MB,2,/Users/harbor/.codex/worktrees/4f87/NovaRocks/logs/baseline/20260622-231416-tpc-baseline/plans/analyze/tpc-h/q5.result
tpc-h,q5,1,2,4,"HASH JOIN (BROADCAST, INNER, eq: [l_orderkey = o_orderkey])",1599838,119.3ms,0.1193,132.8MB,6,/Users/harbor/.codex/worktrees/4f87/NovaRocks/logs/baseline/20260622-231416-tpc-baseline/plans/analyze/tpc-h/q5.result
tpc-h,q5,1,3,14,SCAN tpch.customer,150000,46.7ms,0.0467,24.6MB,0,/Users/harbor/.codex/worktrees/4f87/NovaRocks/logs/baseline/20260622-231416-tpc-baseline/plans/analyze/tpc-h/q5.result
tpc-h,q5,1,4,13,"HASH JOIN (BROADCAST, INNER, eq: [l_suppkey = s_suppkey])",184182,21.3ms,0.0213,4.5MB,4,/Users/harbor/.codex/worktrees/4f87/NovaRocks/logs/baseline/20260622-231416-tpc-baseline/plans/analyze/tpc-h/q5.result
tpc-h,q5,1,5,17,"HASH AGGREGATE (LOCAL, group by: [n_name])",7222,19.2ms,0.0192,1.6MB,0,/Users/harbor/.codex/worktrees/4f87/NovaRocks/logs/baseline/20260622-231416-tpc-baseline/plans/analyze/tpc-h/q5.result
tpc-h,q6,1,1,2,HASH AGGREGATE (LOCAL),12,1.0ms,0.001,1.3MB,0,/Users/harbor/.codex/worktrees/4f87/NovaRocks/logs/baseline/20260622-231416-tpc-baseline/plans/analyze/tpc-h/q6.result
tpc-h,q6,1,2,4,HASH AGGREGATE (GLOBAL),13,135.6us,0.0001356,64.4KB,2,/Users/harbor/.codex/worktrees/4f87/NovaRocks/logs/baseline/20260622-231416-tpc-baseline/plans/analyze/tpc-h/q6.result
tpc-h,q6,1,3,5,PROJECT [sum(l_extendedprice * l_discount) AS revenue],1,9.7us,9.7e-06,16B,0,/Users/harbor/.codex/worktrees/4f87/NovaRocks/logs/baseline/20260622-231416-tpc-baseline/plans/analyze/tpc-h/q6.result
tpc-h,q6,1,4,1,SCAN tpch.lineitem,114781,8.0us,8e-06,0B,2,/Users/harbor/.codex/worktrees/4f87/NovaRocks/logs/baseline/20260622-231416-tpc-baseline/plans/analyze/tpc-h/q6.result
tpc-h,q6,1,5,3,GATHER,12,5.7us,5.7e-06,0B,4,/Users/harbor/.codex/worktrees/4f87/NovaRocks/logs/baseline/20260622-231416-tpc-baseline/plans/analyze/tpc-h/q6.result
tpc-h,q7,1,1,6,"HASH JOIN (BROADCAST, INNER, eq: [l_suppkey = s_suppkey])",1858450,208.6ms,0.2086,11.3MB,2,/Users/harbor/.codex/worktrees/4f87/NovaRocks/logs/baseline/20260622-231416-tpc-baseline/plans/analyze/tpc-h/q7.result
tpc-h,q7,1,2,14,"HASH JOIN (BROADCAST, INNER, eq: [o_custkey = c_custkey])",597048,188.7ms,0.1887,83.8MB,8,/Users/harbor/.codex/worktrees/4f87/NovaRocks/logs/baseline/20260622-231416-tpc-baseline/plans/analyze/tpc-h/q7.result
tpc-h,q7,1,3,11,"HASH JOIN (PARTITIONED, INNER, eq: [o_orderkey = l_orderkey])",1794096,133.5ms,0.1335,81.5MB,10,/Users/harbor/.codex/worktrees/4f87/NovaRocks/logs/baseline/20260622-231416-tpc-baseline/plans/analyze/tpc-h/q7.result
tpc-h,q7,1,4,9,"HASH JOIN (BROADCAST, INNER, eq: [s_nationkey = n1.n_nationkey])",147054,87.8ms,0.0878,7.5MB,0,/Users/harbor/.codex/worktrees/4f87/NovaRocks/logs/baseline/20260622-231416-tpc-baseline/plans/analyze/tpc-h/q7.result
tpc-h,q7,1,5,1,SCAN tpch.orders,1500000,81.0ms,0.081,20.4MB,0,/Users/harbor/.codex/worktrees/4f87/NovaRocks/logs/baseline/20260622-231416-tpc-baseline/plans/analyze/tpc-h/q7.result
tpc-h,q8,1,1,16,"HASH JOIN (PARTITIONED, INNER, eq: [o_custkey = c_custkey])",577655,887.4ms,0.8874,33.2MB,0,/Users/harbor/.codex/worktrees/4f87/NovaRocks/logs/baseline/20260622-231416-tpc-baseline/plans/analyze/tpc-h/q8.result
tpc-h,q8,1,2,18,"HASH JOIN (PARTITIONED, INNER, eq: [l_orderkey = o_orderkey])",136864,822.9ms,0.8229,57.0MB,8,/Users/harbor/.codex/worktrees/4f87/NovaRocks/logs/baseline/20260622-231416-tpc-baseline/plans/analyze/tpc-h/q8.result
tpc-h,q8,1,3,4,"HASH JOIN (BROADCAST, INNER, eq: [l_partkey = p_partkey])",48046,470.8ms,0.4708,21.1MB,0,/Users/harbor/.codex/worktrees/4f87/NovaRocks/logs/baseline/20260622-231416-tpc-baseline/plans/analyze/tpc-h/q8.result
tpc-h,q8,1,4,1,SCAN tpch.lineitem,591957,176.8ms,0.1768,0B,2,/Users/harbor/.codex/worktrees/4f87/NovaRocks/logs/baseline/20260622-231416-tpc-baseline/plans/analyze/tpc-h/q8.result
tpc-h,q8,1,5,17,HASH EXCHANGE,90488,43.8ms,0.0438,0B,10,/Users/harbor/.codex/worktrees/4f87/NovaRocks/logs/baseline/20260622-231416-tpc-baseline/plans/analyze/tpc-h/q8.result
tpc-h,q9,1,1,8,"HASH JOIN (BROADCAST, INNER, eq: [l_suppkey = ps_suppkey, l_partkey = p_partkey])",455759,2.0s,2,85.1MB,0,/Users/harbor/.codex/worktrees/4f87/NovaRocks/logs/baseline/20260622-231416-tpc-baseline/plans/analyze/tpc-h/q9.result
tpc-h,q9,1,2,17,"PROJECT [n_name AS nation, year(o_orderdate) AS o_year, l_extendedprice * 1 - l_discount - ps_supplycost * l_quantity AS amount]",325847,1.8s,1.8,13.0KB,4,/Users/harbor/.codex/worktrees/4f87/NovaRocks/logs/baseline/20260622-231416-tpc-baseline/plans/analyze/tpc-h/q9.result
tpc-h,q9,1,3,10,"HASH JOIN (BROADCAST, INNER, eq: [o_orderkey = l_orderkey])",1303388,1.4s,1.4,1.7GB,10,/Users/harbor/.codex/worktrees/4f87/NovaRocks/logs/baseline/20260622-231416-tpc-baseline/plans/analyze/tpc-h/q9.result
tpc-h,q9,1,4,2,SCAN tpch.lineitem,845242,463.1ms,0.4631,0B,2,/Users/harbor/.codex/worktrees/4f87/NovaRocks/logs/baseline/20260622-231416-tpc-baseline/plans/analyze/tpc-h/q9.result
tpc-h,q9,1,5,18,"PROJECT [nation, o_year, amount]",325847,455.1ms,0.4551,650B,2,/Users/harbor/.codex/worktrees/4f87/NovaRocks/logs/baseline/20260622-231416-tpc-baseline/plans/analyze/tpc-h/q9.result
